Timestamp,Backtest_Timestamp,Log Type,Message,UserID,Strategy Tag,Option Portfolio,Strike
2026-04-04 10:52:23,01-02-2024 00:00:00,TRADING,EXIT | BUY 1.0 BTCUSD @ 43075.77 | OrderID=CRYPTO-1-272 | PositionID=BTCUSD.CRYPTO-EMACrossStrategy-000,UID001,EMA_Cross,EMA_Cross,
2026-04-04 10:52:23,01-02-2024 00:00:00,TRADING,ENTRY | BUY 1.0 BTCUSD @ 43075.77 | OrderID=CRYPTO-1-273 | PositionID=BTCUSD.CRYPTO-EMACrossStrategy-000,UID001,EMA_Cross,EMA_Cross,
2026-04-04 10:52:23,01-03-2022 00:00:00,TRADING,EXIT | BUY 1.0 BTCUSD @ 44354.64 | OrderID=CRYPTO-1-216 | PositionID=BTCUSD.CRYPTO-EMACrossStrategy-000,UID001,EMA_Cross,EMA_Cross,
2026-04-04 10:52:23,01-03-2022 00:00:00,TRADING,ENTRY | BUY 1.0 BTCUSD @ 44354.64 | OrderID=CRYPTO-1-217 | PositionID=BTCUSD.CRYPTO-EMACrossStrategy-000,UID001,EMA_Cross,EMA_Cross,
2026-04-04 10:52:23,01-10-2025 00:00:00,TRADING,EXIT | BUY 1.0 BTCUSD @ 118648.93 | OrderID=CRYPTO-1-328 | PositionID=BTCUSD.CRYPTO-EMACrossStrategy-000,UID001,EMA_Cross,EMA_Cross,
2026-04-04 10:52:23,01-10-2025 00:00:00,TRADING,ENTRY | BUY 1.0 BTCUSD @ 118648.93 | OrderID=CRYPTO-1-329 | PositionID=BTCUSD.CRYPTO-EMACrossStrategy-000,UID001,EMA_Cross,EMA_Cross,
2026-04-04 10:52:23,02-01-2014 00:00:00,TRADING,EXIT | BUY 1.0 BTCUSD @ 802.39 | OrderID=CRYPTO-1-012 | PositionID=BTCUSD.CRYPTO-EMACrossStrategy-000,UID001,EMA_Cross,EMA_Cross,
2026-04-04 10:52:23,02-01-2014 00:00:00,TRADING,ENTRY | BUY 1.0 BTCUSD @ 802.39 | OrderID=CRYPTO-1-013 | PositionID=BTCUSD.CRYPTO-EMACrossStrategy-000,UID001,EMA_Cross,EMA_Cross,
2026-04-04 10:52:23,02-01-2019 00:00:00,TRADING,EXIT | BUY 1.0 BTCUSD @ 3943.41 | OrderID=CRYPTO-1-152 | PositionID=BTCUSD.CRYPTO-EMACrossStrategy-000,UID001,EMA_Cross,EMA_Cross,
2026-04-04 10:52:23,02-01-2019 00:00:00,TRADING,ENTRY | BUY 1.0 BTCUSD @ 3943.41 | OrderID=CRYPTO-1-153 | PositionID=BTCUSD.CRYPTO-EMACrossStrategy-000,UID001,EMA_Cross,EMA_Cross,
2026-04-04 10:52:23,02-02-2021 00:00:00,TRADING,EXIT | BUY 1.0 BTCUSD @ 35510.29 | OrderID=CRYPTO-1-196 | PositionID=BTCUSD.CRYPTO-EMACrossStrategy-000,UID001,EMA_Cross,EMA_Cross,
2026-04-04 10:52:23,02-02-2021 00:00:00,TRADING,ENTRY | BUY 1.0 BTCUSD @ 35510.29 | OrderID=CRYPTO-1-197 | PositionID=BTCUSD.CRYPTO-EMACrossStrategy-000,UID001,EMA_Cross,EMA_Cross,
2026-04-04 10:52:23,02-08-2025 00:00:00,TRADING,EXIT | SELL 1.0 BTCUSD @ 112526.91 | OrderID=CRYPTO-1-318 | PositionID=BTCUSD.CRYPTO-EMACrossStrategy-000,UID001,EMA_Cross,EMA_Cross,
2026-04-04 10:52:23,02-08-2025 00:00:00,TRADING,ENTRY | SELL 1.0 BTCUSD @ 112526.91 | OrderID=CRYPTO-1-319 | PositionID=BTCUSD.CRYPTO-EMACrossStrategy-000,UID001,EMA_Cross,EMA_Cross,
2026-04-04 10:52:23,02-10-2013 00:00:00,TRADING,EXIT | SELL 1.0 BTCUSD @ 114.13 | OrderID=CRYPTO-1-006 | PositionID=BTCUSD.CRYPTO-EMACrossStrategy-000,UID001,EMA_Cross,EMA_Cross,
2026-04-04 10:52:23,02-10-2013 00:00:00,TRADING,ENTRY | SELL 1.0 BTCUSD @ 114.13 | OrderID=CRYPTO-1-007 | PositionID=BTCUSD.CRYPTO-EMACrossStrategy-000,UID001,EMA_Cross,EMA_Cross,
2026-04-04 10:52:23,03-01-2026 00:00:00,TRADING,EXIT | BUY 1.0 BTCUSD @ 90603.19 | OrderID=CRYPTO-1-332 | PositionID=BTCUSD.CRYPTO-EMACrossStrategy-000,UID001,EMA_Cross,EMA_Cross,
2026-04-04 10:52:23,03-01-2026 00:00:00,TRADING,ENTRY | BUY 1.0 BTCUSD @ 90603.19 | OrderID=CRYPTO-1-333 | PositionID=BTCUSD.CRYPTO-EMACrossStrategy-000,UID001,EMA_Cross,EMA_Cross,
2026-04-04 10:52:23,03-03-2023 00:00:00,TRADING,EXIT | SELL 1.0 BTCUSD @ 22362.68 | OrderID=CRYPTO-1-250 | PositionID=BTCUSD.CRYPTO-EMACrossStrategy-000,UID001,EMA_Cross,EMA_Cross,
2026-04-04 10:52:23,03-03-2023 00:00:00,TRADING,ENTRY | SELL 1.0 BTCUSD @ 22362.68 | OrderID=CRYPTO-1-251 | PositionID=BTCUSD.CRYPTO-EMACrossStrategy-000,UID001,EMA_Cross,EMA_Cross,
2026-04-04 10:52:23,03-08-2024 00:00:00,TRADING,EXIT | SELL 1.0 BTCUSD @ 60680.09 | OrderID=CRYPTO-1-282 | PositionID=BTCUSD.CRYPTO-EMACrossStrategy-000,UID001,EMA_Cross,EMA_Cross,
2026-04-04 10:52:23,03-08-2024 00:00:00,TRADING,ENTRY | SELL 1.0 BTCUSD @ 60680.09 | OrderID=CRYPTO-1-283 | PositionID=BTCUSD.CRYPTO-EMACrossStrategy-000,UID001,EMA_Cross,EMA_Cross,
2026-04-04 10:52:23,03-09-2020 00:00:00,TRADING,EXIT | SELL 1.0 BTCUSD @ 10245.30 | OrderID=CRYPTO-1-190 | PositionID=BTCUSD.CRYPTO-EMACrossStrategy-000,UID001,EMA_Cross,EMA_Cross,
2026-04-04 10:52:23,03-09-2020 00:00:00,TRADING,ENTRY | SELL 1.0 BTCUSD @ 10245.30 | OrderID=CRYPTO-1-191 | PositionID=BTCUSD.CRYPTO-EMACrossStrategy-000,UID001,EMA_Cross,EMA_Cross,
2026-04-04 10:52:23,03-10-2018 00:00:00,TRADING,EXIT | SELL 1.0 BTCUSD @ 6502.59 | OrderID=CRYPTO-1-138 | PositionID=BTCUSD.CRYPTO-EMACrossStrategy-000,UID001,EMA_Cross,EMA_Cross,
2026-04-04 10:52:23,03-10-2018 00:00:00,TRADING,ENTRY | SELL 1.0 BTCUSD @ 6502.59 | OrderID=CRYPTO-1-139 | PositionID=BTCUSD.CRYPTO-EMACrossStrategy-000,UID001,EMA_Cross,EMA_Cross,
2026-04-04 10:52:23,03-10-2021 00:00:00,TRADING,EXIT | BUY 1.0 BTCUSD @ 48199.95 | OrderID=CRYPTO-1-208 | PositionID=BTCUSD.CRYPTO-EMACrossStrategy-000,UID001,EMA_Cross,EMA_Cross,
2026-04-04 10:52:23,03-10-2021 00:00:00,TRADING,ENTRY | BUY 1.0 BTCUSD @ 48199.95 | OrderID=CRYPTO-1-209 | PositionID=BTCUSD.CRYPTO-EMACrossStrategy-000,UID001,EMA_Cross,EMA_Cross,
2026-04-04 10:52:23,04-02-2025 00:00:00,TRADING,EXIT | SELL 1.0 BTCUSD @ 97871.82 | OrderID=CRYPTO-1-306 | PositionID=BTCUSD.CRYPTO-EMACrossStrategy-000,UID001,EMA_Cross,EMA_Cross,
2026-04-04 10:52:23,04-02-2025 00:00:00,TRADING,ENTRY | SELL 1.0 BTCUSD @ 97871.82 | OrderID=CRYPTO-1-307 | PositionID=BTCUSD.CRYPTO-EMACrossStrategy-000,UID001,EMA_Cross,EMA_Cross,
2026-04-04 10:52:23,04-04-2017 00:00:00,TRADING,EXIT | BUY 1.0 BTCUSD @ 1133.25 | OrderID=CRYPTO-1-096 | PositionID=BTCUSD.CRYPTO-EMACrossStrategy-000,UID001,EMA_Cross,EMA_Cross,
2026-04-04 10:52:23,04-04-2017 00:00:00,TRADING,ENTRY | BUY 1.0 BTCUSD @ 1133.25 | OrderID=CRYPTO-1-097 | PositionID=BTCUSD.CRYPTO-EMACrossStrategy-000,UID001,EMA_Cross,EMA_Cross,
2026-04-04 10:52:23,04-05-2015 00:00:00,TRADING,EXIT | BUY 1.0 BTCUSD @ 239.02 | OrderID=CRYPTO-1-048 | PositionID=BTCUSD.CRYPTO-EMACrossStrategy-000,UID001,EMA_Cross,EMA_Cross,
2026-04-04 10:52:23,04-05-2015 00:00:00,TRADING,ENTRY | BUY 1.0 BTCUSD @ 239.02 | OrderID=CRYPTO-1-049 | PositionID=BTCUSD.CRYPTO-EMACrossStrategy-000,UID001,EMA_Cross,EMA_Cross,
2026-04-04 10:52:23,04-08-2019 00:00:00,TRADING,EXIT | BUY 1.0 BTCUSD @ 10970.18 | OrderID=CRYPTO-1-160 | PositionID=BTCUSD.CRYPTO-EMACrossStrategy-000,UID001,EMA_Cross,EMA_Cross,
2026-04-04 10:52:23,04-08-2019 00:00:00,TRADING,ENTRY | BUY 1.0 BTCUSD @ 10970.18 | OrderID=CRYPTO-1-161 | PositionID=BTCUSD.CRYPTO-EMACrossStrategy-000,UID001,EMA_Cross,EMA_Cross,
2026-04-04 10:52:23,04-09-2016 00:00:00,TRADING,EXIT | BUY 1.0 BTCUSD @ 608.63 | OrderID=CRYPTO-1-088 | PositionID=BTCUSD.CRYPTO-EMACrossStrategy-000,UID001,EMA_Cross,EMA_Cross,
2026-04-04 10:52:23,04-09-2016 00:00:00,TRADING,ENTRY | BUY 1.0 BTCUSD @ 608.63 | OrderID=CRYPTO-1-089 | PositionID=BTCUSD.CRYPTO-EMACrossStrategy-000,UID001,EMA_Cross,EMA_Cross,
2026-04-04 10:52:23,05-01-2018 00:00:00,TRADING,EXIT | BUY 1.0 BTCUSD @ 17429.50 | OrderID=CRYPTO-1-112 | PositionID=BTCUSD.CRYPTO-EMACrossStrategy-000,UID001,EMA_Cross,EMA_Cross,
2026-04-04 10:52:23,05-01-2018 00:00:00,TRADING,ENTRY | BUY 1.0 BTCUSD @ 17429.50 | OrderID=CRYPTO-1-113 | PositionID=BTCUSD.CRYPTO-EMACrossStrategy-000,UID001,EMA_Cross,EMA_Cross,
2026-04-04 10:52:23,05-01-2020 00:00:00,TRADING,EXIT | BUY 1.0 BTCUSD @ 7411.32 | OrderID=CRYPTO-1-176 | PositionID=BTCUSD.CRYPTO-EMACrossStrategy-000,UID001,EMA_Cross,EMA_Cross,
2026-04-04 10:52:23,05-01-2020 00:00:00,TRADING,ENTRY | BUY 1.0 BTCUSD @ 7411.32 | OrderID=CRYPTO-1-177 | PositionID=BTCUSD.CRYPTO-EMACrossStrategy-000,UID001,EMA_Cross,EMA_Cross,
2026-04-04 10:52:23,06-01-2025 00:00:00,TRADING,EXIT | BUY 1.0 BTCUSD @ 102078.09 | OrderID=CRYPTO-1-300 | PositionID=BTCUSD.CRYPTO-EMACrossStrategy-000,UID001,EMA_Cross,EMA_Cross,
2026-04-04 10:52:23,06-01-2025 00:00:00,TRADING,ENTRY | BUY 1.0 BTCUSD @ 102078.09 | OrderID=CRYPTO-1-301 | PositionID=BTCUSD.CRYPTO-EMACrossStrategy-000,UID001,EMA_Cross,EMA_Cross,
2026-04-04 10:52:23,06-03-2022 00:00:00,TRADING,EXIT | SELL 1.0 BTCUSD @ 38419.98 | OrderID=CRYPTO-1-218 | PositionID=BTCUSD.CRYPTO-EMACrossStrategy-000,UID001,EMA_Cross,EMA_Cross,
2026-04-04 10:52:23,06-03-2022 00:00:00,TRADING,ENTRY | SELL 1.0 BTCUSD @ 38419.98 | OrderID=CRYPTO-1-219 | PositionID=BTCUSD.CRYPTO-EMACrossStrategy-000,UID001,EMA_Cross,EMA_Cross,
2026-04-04 10:52:23,06-04-2020 00:00:00,TRADING,EXIT | BUY 1.0 BTCUSD @ 7271.78 | OrderID=CRYPTO-1-180 | PositionID=BTCUSD.CRYPTO-EMACrossStrategy-000,UID001,EMA_Cross,EMA_Cross,
2026-04-04 10:52:23,06-04-2020 00:00:00,TRADING,ENTRY | BUY 1.0 BTCUSD @ 7271.78 | OrderID=CRYPTO-1-181 | PositionID=BTCUSD.CRYPTO-EMACrossStrategy-000,UID001,EMA_Cross,EMA_Cross,
2026-04-04 10:52:23,06-07-2017 00:00:00,TRADING,EXIT | BUY 1.0 BTCUSD @ 2608.56 | OrderID=CRYPTO-1-100 | PositionID=BTCUSD.CRYPTO-EMACrossStrategy-000,UID001,EMA_Cross,EMA_Cross,
2026-04-04 10:52:23,06-07-2017 00:00:00,TRADING,ENTRY | BUY 1.0 BTCUSD @ 2608.56 | OrderID=CRYPTO-1-101 | PositionID=BTCUSD.CRYPTO-EMACrossStrategy-000,UID001,EMA_Cross,EMA_Cross,
2026-04-04 10:52:23,06-08-2018 00:00:00,TRADING,EXIT | SELL 1.0 BTCUSD @ 6951.80 | OrderID=CRYPTO-1-130 | PositionID=BTCUSD.CRYPTO-EMACrossStrategy-000,UID001,EMA_Cross,EMA_Cross,
2026-04-04 10:52:23,06-08-2018 00:00:00,TRADING,ENTRY | SELL 1.0 BTCUSD @ 6951.80 | OrderID=CRYPTO-1-131 | PositionID=BTCUSD.CRYPTO-EMACrossStrategy-000,UID001,EMA_Cross,EMA_Cross,
2026-04-04 10:52:23,06-10-2018 00:00:00,TRADING,EXIT | BUY 1.0 BTCUSD @ 6588.31 | OrderID=CRYPTO-1-140 | PositionID=BTCUSD.CRYPTO-EMACrossStrategy-000,UID001,EMA_Cross,EMA_Cross,
2026-04-04 10:52:23,06-10-2018 00:00:00,TRADING,ENTRY | BUY 1.0 BTCUSD @ 6588.31 | OrderID=CRYPTO-1-141 | PositionID=BTCUSD.CRYPTO-EMACrossStrategy-000,UID001,EMA_Cross,EMA_Cross,
2026-04-04 10:52:23,06-10-2022 00:00:00,TRADING,EXIT | BUY 1.0 BTCUSD @ 19955.44 | OrderID=CRYPTO-1-232 | PositionID=BTCUSD.CRYPTO-EMACrossStrategy-000,UID001,EMA_Cross,EMA_Cross,
2026-04-04 10:52:23,06-10-2022 00:00:00,TRADING,ENTRY | BUY 1.0 BTCUSD @ 19955.44 | OrderID=CRYPTO-1-233 | PositionID=BTCUSD.CRYPTO-EMACrossStrategy-000,UID001,EMA_Cross,EMA_Cross,
2026-04-04 10:52:23,07-02-2022 00:00:00,TRADING,EXIT | BUY 1.0 BTCUSD @ 43840.29 | OrderID=CRYPTO-1-212 | PositionID=BTCUSD.CRYPTO-EMACrossStrategy-000,UID001,EMA_Cross,EMA_Cross,
2026-04-04 10:52:23,07-02-2022 00:00:00,TRADING,ENTRY | BUY 1.0 BTCUSD @ 43840.29 | OrderID=CRYPTO-1-213 | PositionID=BTCUSD.CRYPTO-EMACrossStrategy-000,UID001,EMA_Cross,EMA_Cross,
2026-04-04 10:52:23,07-05-2021 00:00:00,TRADING,EXIT | BUY 1.0 BTCUSD @ 57356.40 | OrderID=CRYPTO-1-200 | PositionID=BTCUSD.CRYPTO-EMACrossStrategy-000,UID001,EMA_Cross,EMA_Cross,
2026-04-04 10:52:23,07-05-2021 00:00:00,TRADING,ENTRY | BUY 1.0 BTCUSD @ 57356.40 | OrderID=CRYPTO-1-201 | PositionID=BTCUSD.CRYPTO-EMACrossStrategy-000,UID001,EMA_Cross,EMA_Cross,
2026-04-04 10:52:23,07-06-2013 00:00:00,TRADING,EXIT | SELL 1.0 BTCUSD @ 111.50 | OrderID=CRYPTO-1-002 | PositionID=BTCUSD.CRYPTO-EMACrossStrategy-000,UID001,EMA_Cross,EMA_Cross,
2026-04-04 10:52:23,07-06-2013 00:00:00,TRADING,ENTRY | SELL 1.0 BTCUSD @ 111.50 | OrderID=CRYPTO-1-003 | PositionID=BTCUSD.CRYPTO-EMACrossStrategy-000,UID001,EMA_Cross,EMA_Cross,
2026-04-04 10:52:23,07-07-2017 00:00:00,TRADING,EXIT | SELL 1.0 BTCUSD @ 2518.66 | OrderID=CRYPTO-1-102 | PositionID=BTCUSD.CRYPTO-EMACrossStrategy-000,UID001,EMA_Cross,EMA_Cross,
2026-04-04 10:52:23,07-07-2017 00:00:00,TRADING,ENTRY | SELL 1.0 BTCUSD @ 2518.66 | OrderID=CRYPTO-1-103 | PositionID=BTCUSD.CRYPTO-EMACrossStrategy-000,UID001,EMA_Cross,EMA_Cross,
2026-04-04 10:52:23,07-09-2019 00:00:00,TRADING,EXIT | BUY 1.0 BTCUSD @ 10517.25 | OrderID=CRYPTO-1-164 | PositionID=BTCUSD.CRYPTO-EMACrossStrategy-000,UID001,EMA_Cross,EMA_Cross,
2026-04-04 10:52:23,07-09-2019 00:00:00,TRADING,ENTRY | BUY 1.0 BTCUSD @ 10517.25 | OrderID=CRYPTO-1-165 | PositionID=BTCUSD.CRYPTO-EMACrossStrategy-000,UID001,EMA_Cross,EMA_Cross,
2026-04-04 10:52:23,08-01-2023 00:00:00,TRADING,EXIT | BUY 1.0 BTCUSD @ 17091.14 | OrderID=CRYPTO-1-244 | PositionID=BTCUSD.CRYPTO-EMACrossStrategy-000,UID001,EMA_Cross,EMA_Cross,
2026-04-04 10:52:23,08-01-2023 00:00:00,TRADING,ENTRY | BUY 1.0 BTCUSD @ 17091.14 | OrderID=CRYPTO-1-245 | PositionID=BTCUSD.CRYPTO-EMACrossStrategy-000,UID001,EMA_Cross,EMA_Cross,
2026-04-04 10:52:23,08-03-2016 00:00:00,TRADING,EXIT | SELL 1.0 BTCUSD @ 413.97 | OrderID=CRYPTO-1-070 | PositionID=BTCUSD.CRYPTO-EMACrossStrategy-000,UID001,EMA_Cross,EMA_Cross,
2026-04-04 10:52:23,08-03-2016 00:00:00,TRADING,ENTRY | SELL 1.0 BTCUSD @ 413.97 | OrderID=CRYPTO-1-071 | PositionID=BTCUSD.CRYPTO-EMACrossStrategy-000,UID001,EMA_Cross,EMA_Cross,
2026-04-04 10:52:23,08-05-2023 00:00:00,TRADING,EXIT | SELL 1.0 BTCUSD @ 27694.27 | OrderID=CRYPTO-1-258 | PositionID=BTCUSD.CRYPTO-EMACrossStrategy-000,UID001,EMA_Cross,EMA_Cross,
2026-04-04 10:52:23,08-05-2023 00:00:00,TRADING,ENTRY | SELL 1.0 BTCUSD @ 27694.27 | OrderID=CRYPTO-1-259 | PositionID=BTCUSD.CRYPTO-EMACrossStrategy-000,UID001,EMA_Cross,EMA_Cross,
2026-04-04 10:52:23,08-07-2018 00:00:00,TRADING,EXIT | BUY 1.0 BTCUSD @ 6773.88 | OrderID=CRYPTO-1-124 | PositionID=BTCUSD.CRYPTO-EMACrossStrategy-000,UID001,EMA_Cross,EMA_Cross,
2026-04-04 10:52:23,08-07-2018 00:00:00,TRADING,ENTRY | BUY 1.0 BTCUSD @ 6773.88 | OrderID=CRYPTO-1-125 | PositionID=BTCUSD.CRYPTO-EMACrossStrategy-000,UID001,EMA_Cross,EMA_Cross,
2026-04-04 10:52:23,08-08-2015 00:00:00,TRADING,EXIT | SELL 1.0 BTCUSD @ 261.00 | OrderID=CRYPTO-1-058 | PositionID=BTCUSD.CRYPTO-EMACrossStrategy-000,UID001,EMA_Cross,EMA_Cross,
2026-04-04 10:52:23,08-08-2015 00:00:00,TRADING,ENTRY | SELL 1.0 BTCUSD @ 261.00 | OrderID=CRYPTO-1-059 | PositionID=BTCUSD.CRYPTO-EMACrossStrategy-000,UID001,EMA_Cross,EMA_Cross,
2026-04-04 10:52:23,08-09-2018 00:00:00,TRADING,EXIT | SELL 1.0 BTCUSD @ 6225.98 | OrderID=CRYPTO-1-134 | PositionID=BTCUSD.CRYPTO-EMACrossStrategy-000,UID001,EMA_Cross,EMA_Cross,
2026-04-04 10:52:23,08-09-2018 00:00:00,TRADING,ENTRY | SELL 1.0 BTCUSD @ 6225.98 | OrderID=CRYPTO-1-135 | PositionID=BTCUSD.CRYPTO-EMACrossStrategy-000,UID001,EMA_Cross,EMA_Cross,
2026-04-04 10:52:23,08-10-2020 00:00:00,TRADING,EXIT | BUY 1.0 BTCUSD @ 10915.69 | OrderID=CRYPTO-1-192 | PositionID=BTCUSD.CRYPTO-EMACrossStrategy-000,UID001,EMA_Cross,EMA_Cross,
2026-04-04 10:52:23,08-10-2020 00:00:00,TRADING,ENTRY | BUY 1.0 BTCUSD @ 10915.69 | OrderID=CRYPTO-1-193 | PositionID=BTCUSD.CRYPTO-EMACrossStrategy-000,UID001,EMA_Cross,EMA_Cross,
2026-04-04 10:52:23,08-10-2022 00:00:00,TRADING,EXIT | SELL 1.0 BTCUSD @ 19416.57 | OrderID=CRYPTO-1-234 | PositionID=BTCUSD.CRYPTO-EMACrossStrategy-000,UID001,EMA_Cross,EMA_Cross,
2026-04-04 10:52:23,08-10-2022 00:00:00,TRADING,ENTRY | SELL 1.0 BTCUSD @ 19416.57 | OrderID=CRYPTO-1-235 | PositionID=BTCUSD.CRYPTO-EMACrossStrategy-000,UID001,EMA_Cross,EMA_Cross,
2026-04-04 10:52:23,09-01-2025 00:00:00,TRADING,EXIT | SELL 1.0 BTCUSD @ 92484.04 | OrderID=CRYPTO-1-302 | PositionID=BTCUSD.CRYPTO-EMACrossStrategy-000,UID001,EMA_Cross,EMA_Cross,
2026-04-04 10:52:23,09-01-2025 00:00:00,TRADING,ENTRY | SELL 1.0 BTCUSD @ 92484.04 | OrderID=CRYPTO-1-303 | PositionID=BTCUSD.CRYPTO-EMACrossStrategy-000,UID001,EMA_Cross,EMA_Cross,
2026-04-04 10:52:23,09-03-2018 00:00:00,TRADING,EXIT | SELL 1.0 BTCUSD @ 9337.55 | OrderID=CRYPTO-1-118 | PositionID=BTCUSD.CRYPTO-EMACrossStrategy-000,UID001,EMA_Cross,EMA_Cross,
2026-04-04 10:52:23,09-03-2018 00:00:00,TRADING,ENTRY | SELL 1.0 BTCUSD @ 9337.55 | OrderID=CRYPTO-1-119 | PositionID=BTCUSD.CRYPTO-EMACrossStrategy-000,UID001,EMA_Cross,EMA_Cross,
2026-04-04 10:52:23,09-08-2025 00:00:00,TRADING,EXIT | BUY 1.0 BTCUSD @ 116500.36 | OrderID=CRYPTO-1-320 | PositionID=BTCUSD.CRYPTO-EMACrossStrategy-000,UID001,EMA_Cross,EMA_Cross,
2026-04-04 10:52:23,09-08-2025 00:00:00,TRADING,ENTRY | BUY 1.0 BTCUSD @ 116500.36 | OrderID=CRYPTO-1-321 | PositionID=BTCUSD.CRYPTO-EMACrossStrategy-000,UID001,EMA_Cross,EMA_Cross,
2026-04-04 10:52:23,09-10-2024 00:00:00,TRADING,EXIT | SELL 1.0 BTCUSD @ 60582.10 | OrderID=CRYPTO-1-290 | PositionID=BTCUSD.CRYPTO-EMACrossStrategy-000,UID001,EMA_Cross,EMA_Cross,
2026-04-04 10:52:23,09-10-2024 00:00:00,TRADING,ENTRY | SELL 1.0 BTCUSD @ 60582.10 | OrderID=CRYPTO-1-291 | PositionID=BTCUSD.CRYPTO-EMACrossStrategy-000,UID001,EMA_Cross,EMA_Cross,
2026-04-04 10:52:23,09-11-2022 00:00:00,TRADING,EXIT | SELL 1.0 BTCUSD @ 15880.78 | OrderID=CRYPTO-1-238 | PositionID=BTCUSD.CRYPTO-EMACrossStrategy-000,UID001,EMA_Cross,EMA_Cross,
2026-04-04 10:52:23,09-11-2022 00:00:00,TRADING,ENTRY | SELL 1.0 BTCUSD @ 15880.78 | OrderID=CRYPTO-1-239 | PositionID=BTCUSD.CRYPTO-EMACrossStrategy-000,UID001,EMA_Cross,EMA_Cross,
2026-04-04 10:52:23,09-12-2014 00:00:00,TRADING,EXIT | SELL 1.0 BTCUSD @ 352.22 | OrderID=CRYPTO-1-042 | PositionID=BTCUSD.CRYPTO-EMACrossStrategy-000,UID001,EMA_Cross,EMA_Cross,
2026-04-04 10:52:23,09-12-2014 00:00:00,TRADING,ENTRY | SELL 1.0 BTCUSD @ 352.22 | OrderID=CRYPTO-1-043 | PositionID=BTCUSD.CRYPTO-EMACrossStrategy-000,UID001,EMA_Cross,EMA_Cross,
2026-04-04 10:52:23,10-03-2026 00:00:00,TRADING,EXIT | BUY 1.0 BTCUSD @ 69926.92 | OrderID=CRYPTO-1-336 | PositionID=BTCUSD.CRYPTO-EMACrossStrategy-000,UID001,EMA_Cross,EMA_Cross,
2026-04-04 10:52:23,10-04-2022 00:00:00,TRADING,EXIT | SELL 1.0 BTCUSD @ 42207.67 | OrderID=CRYPTO-1-222 | PositionID=BTCUSD.CRYPTO-EMACrossStrategy-000,UID001,EMA_Cross,EMA_Cross,
2026-04-04 10:52:23,10-04-2022 00:00:00,TRADING,ENTRY | SELL 1.0 BTCUSD @ 42207.67 | OrderID=CRYPTO-1-223 | PositionID=BTCUSD.CRYPTO-EMACrossStrategy-000,UID001,EMA_Cross,EMA_Cross,
2026-04-04 10:52:23,10-07-2018 00:00:00,TRADING,EXIT | SELL 1.0 BTCUSD @ 6329.95 | OrderID=CRYPTO-1-126 | PositionID=BTCUSD.CRYPTO-EMACrossStrategy-000,UID001,EMA_Cross,EMA_Cross,
2026-04-04 10:52:23,10-07-2018 00:00:00,TRADING,ENTRY | SELL 1.0 BTCUSD @ 6329.95 | OrderID=CRYPTO-1-127 | PositionID=BTCUSD.CRYPTO-EMACrossStrategy-000,UID001,EMA_Cross,EMA_Cross,
2026-04-04 10:52:23,10-09-2019 00:00:00,TRADING,EXIT | SELL 1.0 BTCUSD @ 10115.98 | OrderID=CRYPTO-1-166 | PositionID=BTCUSD.CRYPTO-EMACrossStrategy-000,UID001,EMA_Cross,EMA_Cross,
2026-04-04 10:52:23,10-09-2019 00:00:00,TRADING,ENTRY | SELL 1.0 BTCUSD @ 10115.98 | OrderID=CRYPTO-1-167 | PositionID=BTCUSD.CRYPTO-EMACrossStrategy-000,UID001,EMA_Cross,EMA_Cross,
2026-04-04 10:52:23,10-09-2021 00:00:00,TRADING,EXIT | SELL 1.0 BTCUSD @ 44883.91 | OrderID=CRYPTO-1-206 | PositionID=BTCUSD.CRYPTO-EMACrossStrategy-000,UID001,EMA_Cross,EMA_Cross,
2026-04-04 10:52:23,10-09-2021 00:00:00,TRADING,ENTRY | SELL 1.0 BTCUSD @ 44883.91 | OrderID=CRYPTO-1-207 | PositionID=BTCUSD.CRYPTO-EMACrossStrategy-000,UID001,EMA_Cross,EMA_Cross,
2026-04-04 10:52:23,10-10-2013 00:00:00,TRADING,EXIT | BUY 1.0 BTCUSD @ 130.59 | OrderID=CRYPTO-1-008 | PositionID=BTCUSD.CRYPTO-EMACrossStrategy-000,UID001,EMA_Cross,EMA_Cross,
2026-04-04 10:52:23,10-10-2013 00:00:00,TRADING,ENTRY | BUY 1.0 BTCUSD @ 130.59 | OrderID=CRYPTO-1-009 | PositionID=BTCUSD.CRYPTO-EMACrossStrategy-000,UID001,EMA_Cross,EMA_Cross,
2026-04-04 10:52:23,11-01-2017 00:00:00,TRADING,EXIT | SELL 1.0 BTCUSD @ 777.76 | OrderID=CRYPTO-1-090 | PositionID=BTCUSD.CRYPTO-EMACrossStrategy-000,UID001,EMA_Cross,EMA_Cross,
2026-04-04 10:52:23,11-01-2017 00:00:00,TRADING,ENTRY | SELL 1.0 BTCUSD @ 777.76 | OrderID=CRYPTO-1-091 | PositionID=BTCUSD.CRYPTO-EMACrossStrategy-000,UID001,EMA_Cross,EMA_Cross,
2026-04-04 10:52:23,11-01-2018 00:00:00,TRADING,EXIT | SELL 1.0 BTCUSD @ 13405.80 | OrderID=CRYPTO-1-114 | PositionID=BTCUSD.CRYPTO-EMACrossStrategy-000,UID001,EMA_Cross,EMA_Cross,
2026-04-04 10:52:23,11-01-2018 00:00:00,TRADING,ENTRY | SELL 1.0 BTCUSD @ 13405.80 | OrderID=CRYPTO-1-115 | PositionID=BTCUSD.CRYPTO-EMACrossStrategy-000,UID001,EMA_Cross,EMA_Cross,
2026-04-04 10:52:23,11-01-2019 00:00:00,TRADING,EXIT | SELL 1.0 BTCUSD @ 3687.37 | OrderID=CRYPTO-1-154 | PositionID=BTCUSD.CRYPTO-EMACrossStrategy-000,UID001,EMA_Cross,EMA_Cross,
2026-04-04 10:52:23,11-01-2019 00:00:00,TRADING,ENTRY | SELL 1.0 BTCUSD @ 3687.37 | OrderID=CRYPTO-1-155 | PositionID=BTCUSD.CRYPTO-EMACrossStrategy-000,UID001,EMA_Cross,EMA_Cross,
2026-04-04 10:52:23,11-02-2019 00:00:00,TRADING,EXIT | BUY 1.0 BTCUSD @ 3648.43 | OrderID=CRYPTO-1-156 | PositionID=BTCUSD.CRYPTO-EMACrossStrategy-000,UID001,EMA_Cross,EMA_Cross,
2026-04-04 10:52:23,11-02-2019 00:00:00,TRADING,ENTRY | BUY 1.0 BTCUSD @ 3648.43 | OrderID=CRYPTO-1-157 | PositionID=BTCUSD.CRYPTO-EMACrossStrategy-000,UID001,EMA_Cross,EMA_Cross,
2026-04-04 10:52:23,11-03-2016 00:00:00,TRADING,EXIT | BUY 1.0 BTCUSD @ 421.69 | OrderID=CRYPTO-1-072 | PositionID=BTCUSD.CRYPTO-EMACrossStrategy-000,UID001,EMA_Cross,EMA_Cross,
2026-04-04 10:52:23,11-03-2016 00:00:00,TRADING,ENTRY | BUY 1.0 BTCUSD @ 421.69 | OrderID=CRYPTO-1-073 | PositionID=BTCUSD.CRYPTO-EMACrossStrategy-000,UID001,EMA_Cross,EMA_Cross,
2026-04-04 10:52:23,11-09-2025 00:00:00,TRADING,EXIT | BUY 1.0 BTCUSD @ 115507.54 | OrderID=CRYPTO-1-324 | PositionID=BTCUSD.CRYPTO-EMACrossStrategy-000,UID001,EMA_Cross,EMA_Cross,
2026-04-04 10:52:23,11-09-2025 00:00:00,TRADING,ENTRY | BUY 1.0 BTCUSD @ 115507.54 | OrderID=CRYPTO-1-325 | PositionID=BTCUSD.CRYPTO-EMACrossStrategy-000,UID001,EMA_Cross,EMA_Cross,
2026-04-04 10:52:23,11-10-2018 00:00:00,TRADING,EXIT | SELL 1.0 BTCUSD @ 6256.24 | OrderID=CRYPTO-1-142 | PositionID=BTCUSD.CRYPTO-EMACrossStrategy-000,UID001,EMA_Cross,EMA_Cross,
2026-04-04 10:52:23,11-10-2018 00:00:00,TRADING,ENTRY | SELL 1.0 BTCUSD @ 6256.24 | OrderID=CRYPTO-1-143 | PositionID=BTCUSD.CRYPTO-EMACrossStrategy-000,UID001,EMA_Cross,EMA_Cross,
2026-04-04 10:52:23,11-12-2022 00:00:00,TRADING,EXIT | BUY 1.0 BTCUSD @ 17104.19 | OrderID=CRYPTO-1-240 | PositionID=BTCUSD.CRYPTO-EMACrossStrategy-000,UID001,EMA_Cross,EMA_Cross,
2026-04-04 10:52:23,11-12-2022 00:00:00,TRADING,ENTRY | BUY 1.0 BTCUSD @ 17104.19 | OrderID=CRYPTO-1-241 | PositionID=BTCUSD.CRYPTO-EMACrossStrategy-000,UID001,EMA_Cross,EMA_Cross,
2026-04-04 10:52:23,12-03-2014 00:00:00,TRADING,EXIT | BUY 1.0 BTCUSD @ 632.10 | OrderID=CRYPTO-1-016 | PositionID=BTCUSD.CRYPTO-EMACrossStrategy-000,UID001,EMA_Cross,EMA_Cross,
2026-04-04 10:52:23,12-03-2014 00:00:00,TRADING,ENTRY | BUY 1.0 BTCUSD @ 632.10 | OrderID=CRYPTO-1-017 | PositionID=BTCUSD.CRYPTO-EMACrossStrategy-000,UID001,EMA_Cross,EMA_Cross,
2026-04-04 10:52:23,12-03-2016 00:00:00,TRADING,EXIT | SELL 1.0 BTCUSD @ 411.62 | OrderID=CRYPTO-1-074 | PositionID=BTCUSD.CRYPTO-EMACrossStrategy-000,UID001,EMA_Cross,EMA_Cross,
2026-04-04 10:52:23,12-03-2016 00:00:00,TRADING,ENTRY | SELL 1.0 BTCUSD @ 411.62 | OrderID=CRYPTO-1-075 | PositionID=BTCUSD.CRYPTO-EMACrossStrategy-000,UID001,EMA_Cross,EMA_Cross,
2026-04-04 10:52:23,12-05-2021 00:00:00,TRADING,EXIT | SELL 1.0 BTCUSD @ 49150.53 | OrderID=CRYPTO-1-202 | PositionID=BTCUSD.CRYPTO-EMACrossStrategy-000,UID001,EMA_Cross,EMA_Cross,
2026-04-04 10:52:23,12-05-2021 00:00:00,TRADING,ENTRY | SELL 1.0 BTCUSD @ 49150.53 | OrderID=CRYPTO-1-203 | PositionID=BTCUSD.CRYPTO-EMACrossStrategy-000,UID001,EMA_Cross,EMA_Cross,
2026-04-04 10:52:23,12-09-2022 00:00:00,TRADING,EXIT | BUY 1.0 BTCUSD @ 22370.45 | OrderID=CRYPTO-1-228 | PositionID=BTCUSD.CRYPTO-EMACrossStrategy-000,UID001,EMA_Cross,EMA_Cross,
2026-04-04 10:52:23,12-09-2022 00:00:00,TRADING,ENTRY | BUY 1.0 BTCUSD @ 22370.45 | OrderID=CRYPTO-1-229 | PositionID=BTCUSD.CRYPTO-EMACrossStrategy-000,UID001,EMA_Cross,EMA_Cross,
2026-04-04 10:52:23,12-10-2024 00:00:00,TRADING,EXIT | BUY 1.0 BTCUSD @ 63193.02 | OrderID=CRYPTO-1-292 | PositionID=BTCUSD.CRYPTO-EMACrossStrategy-000,UID001,EMA_Cross,EMA_Cross,
2026-04-04 10:52:23,12-10-2024 00:00:00,TRADING,ENTRY | BUY 1.0 BTCUSD @ 63193.02 | OrderID=CRYPTO-1-293 | PositionID=BTCUSD.CRYPTO-EMACrossStrategy-000,UID001,EMA_Cross,EMA_Cross,
2026-04-04 10:52:23,12-11-2014 00:00:00,TRADING,EXIT | BUY 1.0 BTCUSD @ 423.56 | OrderID=CRYPTO-1-036 | PositionID=BTCUSD.CRYPTO-EMACrossStrategy-000,UID001,EMA_Cross,EMA_Cross,
2026-04-04 10:52:23,12-11-2014 00:00:00,TRADING,ENTRY | BUY 1.0 BTCUSD @ 423.56 | OrderID=CRYPTO-1-037 | PositionID=BTCUSD.CRYPTO-EMACrossStrategy-000,UID001,EMA_Cross,EMA_Cross,
2026-04-04 10:52:23,13-02-2023 00:00:00,TRADING,EXIT | SELL 1.0 BTCUSD @ 21808.10 | OrderID=CRYPTO-1-246 | PositionID=BTCUSD.CRYPTO-EMACrossStrategy-000,UID001,EMA_Cross,EMA_Cross,
2026-04-04 10:52:23,13-02-2023 00:00:00,TRADING,ENTRY | SELL 1.0 BTCUSD @ 21808.10 | OrderID=CRYPTO-1-247 | PositionID=BTCUSD.CRYPTO-EMACrossStrategy-000,UID001,EMA_Cross,EMA_Cross,
2026-04-04 10:52:23,13-04-2024 00:00:00,TRADING,EXIT | SELL 1.0 BTCUSD @ 63821.47 | OrderID=CRYPTO-1-274 | PositionID=BTCUSD.CRYPTO-EMACrossStrategy-000,UID001,EMA_Cross,EMA_Cross,
2026-04-04 10:52:23,13-04-2024 00:00:00,TRADING,ENTRY | SELL 1.0 BTCUSD @ 63821.47 | OrderID=CRYPTO-1-275 | PositionID=BTCUSD.CRYPTO-EMACrossStrategy-000,UID001,EMA_Cross,EMA_Cross,
2026-04-04 10:52:23,13-05-2018 00:00:00,TRADING,EXIT | SELL 1.0 BTCUSD @ 8723.94 | OrderID=CRYPTO-1-122 | PositionID=BTCUSD.CRYPTO-EMACrossStrategy-000,UID001,EMA_Cross,EMA_Cross,
2026-04-04 10:52:23,13-05-2018 00:00:00,TRADING,ENTRY | SELL 1.0 BTCUSD @ 8723.94 | OrderID=CRYPTO-1-123 | PositionID=BTCUSD.CRYPTO-EMACrossStrategy-000,UID001,EMA_Cross,EMA_Cross,
2026-04-04 10:52:23,13-09-2017 00:00:00,TRADING,EXIT | SELL 1.0 BTCUSD @ 3882.59 | OrderID=CRYPTO-1-106 | PositionID=BTCUSD.CRYPTO-EMACrossStrategy-000,UID001,EMA_Cross,EMA_Cross,
2026-04-04 10:52:23,13-09-2017 00:00:00,TRADING,ENTRY | SELL 1.0 BTCUSD @ 3882.59 | OrderID=CRYPTO-1-107 | PositionID=BTCUSD.CRYPTO-EMACrossStrategy-000,UID001,EMA_Cross,EMA_Cross,
2026-04-04 10:52:23,13-09-2019 00:00:00,TRADING,EXIT | BUY 1.0 BTCUSD @ 10360.55 | OrderID=CRYPTO-1-168 | PositionID=BTCUSD.CRYPTO-EMACrossStrategy-000,UID001,EMA_Cross,EMA_Cross,
2026-04-04 10:52:23,13-09-2019 00:00:00,TRADING,ENTRY | BUY 1.0 BTCUSD @ 10360.55 | OrderID=CRYPTO-1-169 | PositionID=BTCUSD.CRYPTO-EMACrossStrategy-000,UID001,EMA_Cross,EMA_Cross,
2026-04-04 10:52:23,14-06-2024 00:00:00,TRADING,EXIT | SELL 1.0 BTCUSD @ 66011.09 | OrderID=CRYPTO-1-278 | PositionID=BTCUSD.CRYPTO-EMACrossStrategy-000,UID001,EMA_Cross,EMA_Cross,
2026-04-04 10:52:23,14-06-2024 00:00:00,TRADING,ENTRY | SELL 1.0 BTCUSD @ 66011.09 | OrderID=CRYPTO-1-279 | PositionID=BTCUSD.CRYPTO-EMACrossStrategy-000,UID001,EMA_Cross,EMA_Cross,
2026-04-04 10:52:23,14-09-2022 00:00:00,TRADING,EXIT | SELL 1.0 BTCUSD @ 20241.09 | OrderID=CRYPTO-1-230 | PositionID=BTCUSD.CRYPTO-EMACrossStrategy-000,UID001,EMA_Cross,EMA_Cross,
2026-04-04 10:52:23,14-09-2022 00:00:00,TRADING,ENTRY | SELL 1.0 BTCUSD @ 20241.09 | OrderID=CRYPTO-1-231 | PositionID=BTCUSD.CRYPTO-EMACrossStrategy-000,UID001,EMA_Cross,EMA_Cross,
2026-04-04 10:52:23,14-10-2025 00:00:00,TRADING,EXIT | SELL 1.0 BTCUSD @ 113118.67 | OrderID=CRYPTO-1-330 | PositionID=BTCUSD.CRYPTO-EMACrossStrategy-000,UID001,EMA_Cross,EMA_Cross,
2026-04-04 10:52:23,14-10-2025 00:00:00,TRADING,ENTRY | SELL 1.0 BTCUSD @ 113118.67 | OrderID=CRYPTO-1-331 | PositionID=BTCUSD.CRYPTO-EMACrossStrategy-000,UID001,EMA_Cross,EMA_Cross,
2026-04-04 10:52:23,14-11-2019 00:00:00,TRADING,EXIT | SELL 1.0 BTCUSD @ 8708.10 | OrderID=CRYPTO-1-174 | PositionID=BTCUSD.CRYPTO-EMACrossStrategy-000,UID001,EMA_Cross,EMA_Cross,
2026-04-04 10:52:23,14-11-2019 00:00:00,TRADING,ENTRY | SELL 1.0 BTCUSD @ 8708.10 | OrderID=CRYPTO-1-175 | PositionID=BTCUSD.CRYPTO-EMACrossStrategy-000,UID001,EMA_Cross,EMA_Cross,
2026-04-04 10:52:23,15-01-2016 00:00:00,TRADING,EXIT | SELL 1.0 BTCUSD @ 364.33 | OrderID=CRYPTO-1-066 | PositionID=BTCUSD.CRYPTO-EMACrossStrategy-000,UID001,EMA_Cross,EMA_Cross,
2026-04-04 10:52:23,15-01-2016 00:00:00,TRADING,ENTRY | SELL 1.0 BTCUSD @ 364.33 | OrderID=CRYPTO-1-067 | PositionID=BTCUSD.CRYPTO-EMACrossStrategy-000,UID001,EMA_Cross,EMA_Cross,
2026-04-04 10:52:23,15-01-2024 00:00:00,TRADING,EXIT | SELL 1.0 BTCUSD @ 42511.97 | OrderID=CRYPTO-1-270 | PositionID=BTCUSD.CRYPTO-EMACrossStrategy-000,UID001,EMA_Cross,EMA_Cross,
2026-04-04 10:52:23,15-01-2024 00:00:00,TRADING,ENTRY | SELL 1.0 BTCUSD @ 42511.97 | OrderID=CRYPTO-1-271 | PositionID=BTCUSD.CRYPTO-EMACrossStrategy-000,UID001,EMA_Cross,EMA_Cross,
2026-04-04 10:52:23,15-01-2025 00:00:00,TRADING,EXIT | BUY 1.0 BTCUSD @ 100504.49 | OrderID=CRYPTO-1-304 | PositionID=BTCUSD.CRYPTO-EMACrossStrategy-000,UID001,EMA_Cross,EMA_Cross,
2026-04-04 10:52:23,15-01-2025 00:00:00,TRADING,ENTRY | BUY 1.0 BTCUSD @ 100504.49 | OrderID=CRYPTO-1-305 | PositionID=BTCUSD.CRYPTO-EMACrossStrategy-000,UID001,EMA_Cross,EMA_Cross,
2026-04-04 10:52:23,15-02-2016 00:00:00,TRADING,EXIT | BUY 1.0 BTCUSD @ 400.18 | OrderID=CRYPTO-1-068 | PositionID=BTCUSD.CRYPTO-EMACrossStrategy-000,UID001,EMA_Cross,EMA_Cross,
2026-04-04 10:52:23,15-02-2016 00:00:00,TRADING,ENTRY | BUY 1.0 BTCUSD @ 400.18 | OrderID=CRYPTO-1-069 | PositionID=BTCUSD.CRYPTO-EMACrossStrategy-000,UID001,EMA_Cross,EMA_Cross,
2026-04-04 10:52:23,15-02-2023 00:00:00,TRADING,EXIT | BUY 1.0 BTCUSD @ 24307.84 | OrderID=CRYPTO-1-248 | PositionID=BTCUSD.CRYPTO-EMACrossStrategy-000,UID001,EMA_Cross,EMA_Cross,
2026-04-04 10:52:23,15-02-2023 00:00:00,TRADING,ENTRY | BUY 1.0 BTCUSD @ 24307.84 | OrderID=CRYPTO-1-249 | PositionID=BTCUSD.CRYPTO-EMACrossStrategy-000,UID001,EMA_Cross,EMA_Cross,
2026-04-04 10:52:23,15-03-2023 00:00:00,TRADING,EXIT | BUY 1.0 BTCUSD @ 24375.96 | OrderID=CRYPTO-1-252 | PositionID=BTCUSD.CRYPTO-EMACrossStrategy-000,UID001,EMA_Cross,EMA_Cross,
2026-04-04 10:52:23,15-03-2023 00:00:00,TRADING,ENTRY | BUY 1.0 BTCUSD @ 24375.96 | OrderID=CRYPTO-1-253 | PositionID=BTCUSD.CRYPTO-EMACrossStrategy-000,UID001,EMA_Cross,EMA_Cross,
2026-04-04 10:52:23,15-06-2015 00:00:00,TRADING,EXIT | BUY 1.0 BTCUSD @ 236.82 | OrderID=CRYPTO-1-056 | PositionID=BTCUSD.CRYPTO-EMACrossStrategy-000,UID001,EMA_Cross,EMA_Cross,
2026-04-04 10:52:23,15-06-2015 00:00:00,TRADING,ENTRY | BUY 1.0 BTCUSD @ 236.82 | OrderID=CRYPTO-1-057 | PositionID=BTCUSD.CRYPTO-EMACrossStrategy-000,UID001,EMA_Cross,EMA_Cross,
2026-04-04 10:52:23,16-04-2018 00:00:00,TRADING,EXIT | BUY 1.0 BTCUSD @ 8058.67 | OrderID=CRYPTO-1-120 | PositionID=BTCUSD.CRYPTO-EMACrossStrategy-000,UID001,EMA_Cross,EMA_Cross,
2026-04-04 10:52:23,16-04-2018 00:00:00,TRADING,ENTRY | BUY 1.0 BTCUSD @ 8058.67 | OrderID=CRYPTO-1-121 | PositionID=BTCUSD.CRYPTO-EMACrossStrategy-000,UID001,EMA_Cross,EMA_Cross,
2026-04-04 10:52:23,16-04-2025 00:00:00,TRADING,EXIT | BUY 1.0 BTCUSD @ 84033.87 | OrderID=CRYPTO-1-312 | PositionID=BTCUSD.CRYPTO-EMACrossStrategy-000,UID001,EMA_Cross,EMA_Cross,
2026-04-04 10:52:23,16-04-2025 00:00:00,TRADING,ENTRY | BUY 1.0 BTCUSD @ 84033.87 | OrderID=CRYPTO-1-313 | PositionID=BTCUSD.CRYPTO-EMACrossStrategy-000,UID001,EMA_Cross,EMA_Cross,
2026-04-04 10:52:23,16-05-2024 00:00:00,TRADING,EXIT | BUY 1.0 BTCUSD @ 65231.58 | OrderID=CRYPTO-1-276 | PositionID=BTCUSD.CRYPTO-EMACrossStrategy-000,UID001,EMA_Cross,EMA_Cross,
2026-04-04 10:52:23,16-05-2024 00:00:00,TRADING,ENTRY | BUY 1.0 BTCUSD @ 65231.58 | OrderID=CRYPTO-1-277 | PositionID=BTCUSD.CRYPTO-EMACrossStrategy-000,UID001,EMA_Cross,EMA_Cross,
2026-04-04 10:52:23,16-07-2013 00:00:00,TRADING,EXIT | BUY 1.0 BTCUSD @ 97.45 | OrderID=CRYPTO-1-004 | PositionID=BTCUSD.CRYPTO-EMACrossStrategy-000,UID001,EMA_Cross,EMA_Cross,
2026-04-04 10:52:23,16-07-2013 00:00:00,TRADING,ENTRY | BUY 1.0 BTCUSD @ 97.45 | OrderID=CRYPTO-1-005 | PositionID=BTCUSD.CRYPTO-EMACrossStrategy-000,UID001,EMA_Cross,EMA_Cross,
2026-04-04 10:52:23,16-07-2019 00:00:00,TRADING,EXIT | SELL 1.0 BTCUSD @ 9477.64 | OrderID=CRYPTO-1-158 | PositionID=BTCUSD.CRYPTO-EMACrossStrategy-000,UID001,EMA_Cross,EMA_Cross,
2026-04-04 10:52:23,16-07-2019 00:00:00,TRADING,ENTRY | SELL 1.0 BTCUSD @ 9477.64 | OrderID=CRYPTO-1-159 | PositionID=BTCUSD.CRYPTO-EMACrossStrategy-000,UID001,EMA_Cross,EMA_Cross,
2026-04-04 10:52:23,16-07-2024 00:00:00,TRADING,EXIT | BUY 1.0 BTCUSD @ 65097.15 | OrderID=CRYPTO-1-280 | PositionID=BTCUSD.CRYPTO-EMACrossStrategy-000,UID001,EMA_Cross,EMA_Cross,
2026-04-04 10:52:23,16-07-2024 00:00:00,TRADING,ENTRY | BUY 1.0 BTCUSD @ 65097.15 | OrderID=CRYPTO-1-281 | PositionID=BTCUSD.CRYPTO-EMACrossStrategy-000,UID001,EMA_Cross,EMA_Cross,
2026-04-04 10:52:23,16-08-2019 00:00:00,TRADING,EXIT | SELL 1.0 BTCUSD @ 10374.34 | OrderID=CRYPTO-1-162 | PositionID=BTCUSD.CRYPTO-EMACrossStrategy-000,UID001,EMA_Cross,EMA_Cross,
2026-04-04 10:52:23,16-08-2019 00:00:00,TRADING,ENTRY | SELL 1.0 BTCUSD @ 10374.34 | OrderID=CRYPTO-1-163 | PositionID=BTCUSD.CRYPTO-EMACrossStrategy-000,UID001,EMA_Cross,EMA_Cross,
2026-04-04 10:52:23,17-02-2015 00:00:00,TRADING,EXIT | BUY 1.0 BTCUSD @ 243.61 | OrderID=CRYPTO-1-044 | PositionID=BTCUSD.CRYPTO-EMACrossStrategy-000,UID001,EMA_Cross,EMA_Cross,
2026-04-04 10:52:23,17-02-2015 00:00:00,TRADING,ENTRY | BUY 1.0 BTCUSD @ 243.61 | OrderID=CRYPTO-1-045 | PositionID=BTCUSD.CRYPTO-EMACrossStrategy-000,UID001,EMA_Cross,EMA_Cross,
2026-04-04 10:52:23,17-03-2016 00:00:00,TRADING,EXIT | BUY 1.0 BTCUSD @ 420.62 | OrderID=CRYPTO-1-076 | PositionID=BTCUSD.CRYPTO-EMACrossStrategy-000,UID001,EMA_Cross,EMA_Cross,
2026-04-04 10:52:23,17-03-2016 00:00:00,TRADING,ENTRY | BUY 1.0 BTCUSD @ 420.62 | OrderID=CRYPTO-1-077 | PositionID=BTCUSD.CRYPTO-EMACrossStrategy-000,UID001,EMA_Cross,EMA_Cross,
2026-04-04 10:52:23,17-07-2018 00:00:00,TRADING,EXIT | BUY 1.0 BTCUSD @ 7321.04 | OrderID=CRYPTO-1-128 | PositionID=BTCUSD.CRYPTO-EMACrossStrategy-000,UID001,EMA_Cross,EMA_Cross,
2026-04-04 10:52:23,17-07-2018 00:00:00,TRADING,ENTRY | BUY 1.0 BTCUSD @ 7321.04 | OrderID=CRYPTO-1-129 | PositionID=BTCUSD.CRYPTO-EMACrossStrategy-000,UID001,EMA_Cross,EMA_Cross,
2026-04-04 10:52:23,17-09-2019 00:00:00,TRADING,EXIT | SELL 1.0 BTCUSD @ 10241.27 | OrderID=CRYPTO-1-170 | PositionID=BTCUSD.CRYPTO-EMACrossStrategy-000,UID001,EMA_Cross,EMA_Cross,
2026-04-04 10:52:23,17-09-2019 00:00:00,TRADING,ENTRY | SELL 1.0 BTCUSD @ 10241.27 | OrderID=CRYPTO-1-171 | PositionID=BTCUSD.CRYPTO-EMACrossStrategy-000,UID001,EMA_Cross,EMA_Cross,
2026-04-04 10:52:23,17-09-2024 00:00:00,TRADING,EXIT | BUY 1.0 BTCUSD @ 60308.54 | OrderID=CRYPTO-1-288 | PositionID=BTCUSD.CRYPTO-EMACrossStrategy-000,UID001,EMA_Cross,EMA_Cross,
2026-04-04 10:52:23,17-09-2024 00:00:00,TRADING,ENTRY | BUY 1.0 BTCUSD @ 60308.54 | OrderID=CRYPTO-1-289 | PositionID=BTCUSD.CRYPTO-EMACrossStrategy-000,UID001,EMA_Cross,EMA_Cross,
2026-04-04 10:52:23,17-12-2013 00:00:00,TRADING,EXIT | SELL 1.0 BTCUSD @ 682.12 | OrderID=CRYPTO-1-010 | PositionID=BTCUSD.CRYPTO-EMACrossStrategy-000,UID001,EMA_Cross,EMA_Cross,
2026-04-04 10:52:23,17-12-2013 00:00:00,TRADING,ENTRY | SELL 1.0 BTCUSD @ 682.12 | OrderID=CRYPTO-1-011 | PositionID=BTCUSD.CRYPTO-EMACrossStrategy-000,UID001,EMA_Cross,EMA_Cross,
2026-04-04 10:52:23,18-02-2018 00:00:00,TRADING,EXIT | BUY 1.0 BTCUSD @ 10551.80 | OrderID=CRYPTO-1-116 | PositionID=BTCUSD.CRYPTO-EMACrossStrategy-000,UID001,EMA_Cross,EMA_Cross,
2026-04-04 10:52:23,18-02-2018 00:00:00,TRADING,ENTRY | BUY 1.0 BTCUSD @ 10551.80 | OrderID=CRYPTO-1-117 | PositionID=BTCUSD.CRYPTO-EMACrossStrategy-000,UID001,EMA_Cross,EMA_Cross,
2026-04-04 10:52:23,18-03-2014 00:00:00,TRADING,EXIT | SELL 1.0 BTCUSD @ 614.83 | OrderID=CRYPTO-1-018 | PositionID=BTCUSD.CRYPTO-EMACrossStrategy-000,UID001,EMA_Cross,EMA_Cross,
2026-04-04 10:52:23,18-03-2014 00:00:00,TRADING,ENTRY | SELL 1.0 BTCUSD @ 614.83 | OrderID=CRYPTO-1-019 | PositionID=BTCUSD.CRYPTO-EMACrossStrategy-000,UID001,EMA_Cross,EMA_Cross,
2026-04-04 10:52:23,18-03-2016 00:00:00,TRADING,EXIT | SELL 1.0 BTCUSD @ 409.55 | OrderID=CRYPTO-1-078 | PositionID=BTCUSD.CRYPTO-EMACrossStrategy-000,UID001,EMA_Cross,EMA_Cross,
2026-04-04 10:52:23,18-03-2016 00:00:00,TRADING,ENTRY | SELL 1.0 BTCUSD @ 409.55 | OrderID=CRYPTO-1-079 | PositionID=BTCUSD.CRYPTO-EMACrossStrategy-000,UID001,EMA_Cross,EMA_Cross,
2026-04-04 10:52:23,18-03-2017 00:00:00,TRADING,EXIT | SELL 1.0 BTCUSD @ 973.82 | OrderID=CRYPTO-1-094 | PositionID=BTCUSD.CRYPTO-EMACrossStrategy-000,UID001,EMA_Cross,EMA_Cross,
2026-04-04 10:52:23,18-03-2017 00:00:00,TRADING,ENTRY | SELL 1.0 BTCUSD @ 973.82 | OrderID=CRYPTO-1-095 | PositionID=BTCUSD.CRYPTO-EMACrossStrategy-000,UID001,EMA_Cross,EMA_Cross,
2026-04-04 10:52:23,18-03-2022 00:00:00,TRADING,EXIT | BUY 1.0 BTCUSD @ 41801.15 | OrderID=CRYPTO-1-220 | PositionID=BTCUSD.CRYPTO-EMACrossStrategy-000,UID001,EMA_Cross,EMA_Cross,
2026-04-04 10:52:23,18-03-2022 00:00:00,TRADING,ENTRY | BUY 1.0 BTCUSD @ 41801.15 | OrderID=CRYPTO-1-221 | PositionID=BTCUSD.CRYPTO-EMACrossStrategy-000,UID001,EMA_Cross,EMA_Cross,
2026-04-04 10:52:23,18-06-2025 00:00:00,TRADING,EXIT | SELL 1.0 BTCUSD @ 104883.33 | OrderID=CRYPTO-1-314 | PositionID=BTCUSD.CRYPTO-EMACrossStrategy-000,UID001,EMA_Cross,EMA_Cross,
2026-04-04 10:52:23,18-06-2025 00:00:00,TRADING,ENTRY | SELL 1.0 BTCUSD @ 104883.33 | OrderID=CRYPTO-1-315 | PositionID=BTCUSD.CRYPTO-EMACrossStrategy-000,UID001,EMA_Cross,EMA_Cross,
2026-04-04 10:52:23,18-09-2023 00:00:00,TRADING,EXIT | BUY 1.0 BTCUSD @ 26754.28 | OrderID=CRYPTO-1-264 | PositionID=BTCUSD.CRYPTO-EMACrossStrategy-000,UID001,EMA_Cross,EMA_Cross,
2026-04-04 10:52:23,18-09-2023 00:00:00,TRADING,ENTRY | BUY 1.0 BTCUSD @ 26754.28 | OrderID=CRYPTO-1-265 | PositionID=BTCUSD.CRYPTO-EMACrossStrategy-000,UID001,EMA_Cross,EMA_Cross,
2026-04-04 10:52:23,18-11-2021 00:00:00,TRADING,EXIT | SELL 1.0 BTCUSD @ 56942.14 | OrderID=CRYPTO-1-210 | PositionID=BTCUSD.CRYPTO-EMACrossStrategy-000,UID001,EMA_Cross,EMA_Cross,
2026-04-04 10:52:23,18-11-2021 00:00:00,TRADING,ENTRY | SELL 1.0 BTCUSD @ 56942.14 | OrderID=CRYPTO-1-211 | PositionID=BTCUSD.CRYPTO-EMACrossStrategy-000,UID001,EMA_Cross,EMA_Cross,
2026-04-04 10:52:23,18-12-2022 00:00:00,TRADING,EXIT | SELL 1.0 BTCUSD @ 16757.98 | OrderID=CRYPTO-1-242 | PositionID=BTCUSD.CRYPTO-EMACrossStrategy-000,UID001,EMA_Cross,EMA_Cross,
2026-04-04 10:52:23,18-12-2022 00:00:00,TRADING,ENTRY | SELL 1.0 BTCUSD @ 16757.98 | OrderID=CRYPTO-1-243 | PositionID=BTCUSD.CRYPTO-EMACrossStrategy-000,UID001,EMA_Cross,EMA_Cross,
2026-04-04 10:52:23,19-05-2015 00:00:00,TRADING,EXIT | SELL 1.0 BTCUSD @ 231.95 | OrderID=CRYPTO-1-050 | PositionID=BTCUSD.CRYPTO-EMACrossStrategy-000,UID001,EMA_Cross,EMA_Cross,
2026-04-04 10:52:23,19-05-2015 00:00:00,TRADING,ENTRY | SELL 1.0 BTCUSD @ 231.95 | OrderID=CRYPTO-1-051 | PositionID=BTCUSD.CRYPTO-EMACrossStrategy-000,UID001,EMA_Cross,EMA_Cross,
2026-04-04 10:52:23,19-06-2020 00:00:00,TRADING,EXIT | SELL 1.0 BTCUSD @ 9288.02 | OrderID=CRYPTO-1-182 | PositionID=BTCUSD.CRYPTO-EMACrossStrategy-000,UID001,EMA_Cross,EMA_Cross,
2026-04-04 10:52:23,19-06-2020 00:00:00,TRADING,ENTRY | SELL 1.0 BTCUSD @ 9288.02 | OrderID=CRYPTO-1-183 | PositionID=BTCUSD.CRYPTO-EMACrossStrategy-000,UID001,EMA_Cross,EMA_Cross,
2026-04-04 10:52:23,19-07-2022 00:00:00,TRADING,EXIT | BUY 1.0 BTCUSD @ 23389.43 | OrderID=CRYPTO-1-224 | PositionID=BTCUSD.CRYPTO-EMACrossStrategy-000,UID001,EMA_Cross,EMA_Cross,
2026-04-04 10:52:23,19-07-2022 00:00:00,TRADING,ENTRY | BUY 1.0 BTCUSD @ 23389.43 | OrderID=CRYPTO-1-225 | PositionID=BTCUSD.CRYPTO-EMACrossStrategy-000,UID001,EMA_Cross,EMA_Cross,
2026-04-04 10:52:23,19-08-2022 00:00:00,TRADING,EXIT | SELL 1.0 BTCUSD @ 20877.55 | OrderID=CRYPTO-1-226 | PositionID=BTCUSD.CRYPTO-EMACrossStrategy-000,UID001,EMA_Cross,EMA_Cross,
2026-04-04 10:52:23,19-08-2022 00:00:00,TRADING,ENTRY | SELL 1.0 BTCUSD @ 20877.55 | OrderID=CRYPTO-1-227 | PositionID=BTCUSD.CRYPTO-EMACrossStrategy-000,UID001,EMA_Cross,EMA_Cross,
2026-04-04 10:52:23,19-08-2025 00:00:00,TRADING,EXIT | SELL 1.0 BTCUSD @ 112831.18 | OrderID=CRYPTO-1-322 | PositionID=BTCUSD.CRYPTO-EMACrossStrategy-000,UID001,EMA_Cross,EMA_Cross,
2026-04-04 10:52:23,19-08-2025 00:00:00,TRADING,ENTRY | SELL 1.0 BTCUSD @ 112831.18 | OrderID=CRYPTO-1-323 | PositionID=BTCUSD.CRYPTO-EMACrossStrategy-000,UID001,EMA_Cross,EMA_Cross,
2026-04-04 10:52:23,20-02-2022 00:00:00,TRADING,EXIT | SELL 1.0 BTCUSD @ 38431.38 | OrderID=CRYPTO-1-214 | PositionID=BTCUSD.CRYPTO-EMACrossStrategy-000,UID001,EMA_Cross,EMA_Cross,
2026-04-04 10:52:23,20-02-2022 00:00:00,TRADING,ENTRY | SELL 1.0 BTCUSD @ 38431.38 | OrderID=CRYPTO-1-215 | PositionID=BTCUSD.CRYPTO-EMACrossStrategy-000,UID001,EMA_Cross,EMA_Cross,
2026-04-04 10:52:23,20-04-2014 00:00:00,TRADING,EXIT | BUY 1.0 BTCUSD @ 498.17 | OrderID=CRYPTO-1-020 | PositionID=BTCUSD.CRYPTO-EMACrossStrategy-000,UID001,EMA_Cross,EMA_Cross,
2026-04-04 10:52:23,20-04-2014 00:00:00,TRADING,ENTRY | BUY 1.0 BTCUSD @ 498.17 | OrderID=CRYPTO-1-021 | PositionID=BTCUSD.CRYPTO-EMACrossStrategy-000,UID001,EMA_Cross,EMA_Cross,
2026-04-04 10:52:23,20-05-2014 00:00:00,TRADING,EXIT | BUY 1.0 BTCUSD @ 485.72 | OrderID=CRYPTO-1-024 | PositionID=BTCUSD.CRYPTO-EMACrossStrategy-000,UID001,EMA_Cross,EMA_Cross,
2026-04-04 10:52:23,20-05-2014 00:00:00,TRADING,ENTRY | BUY 1.0 BTCUSD @ 485.72 | OrderID=CRYPTO-1-025 | PositionID=BTCUSD.CRYPTO-EMACrossStrategy-000,UID001,EMA_Cross,EMA_Cross,
2026-04-04 10:52:23,20-05-2016 00:00:00,TRADING,EXIT | SELL 1.0 BTCUSD @ 442.68 | OrderID=CRYPTO-1-082 | PositionID=BTCUSD.CRYPTO-EMACrossStrategy-000,UID001,EMA_Cross,EMA_Cross,
2026-04-04 10:52:23,20-05-2016 00:00:00,TRADING,ENTRY | SELL 1.0 BTCUSD @ 442.68 | OrderID=CRYPTO-1-083 | PositionID=BTCUSD.CRYPTO-EMACrossStrategy-000,UID001,EMA_Cross,EMA_Cross,
2026-04-04 10:52:23,20-06-2023 00:00:00,TRADING,EXIT | BUY 1.0 BTCUSD @ 28327.49 | OrderID=CRYPTO-1-260 | PositionID=BTCUSD.CRYPTO-EMACrossStrategy-000,UID001,EMA_Cross,EMA_Cross,
2026-04-04 10:52:23,20-06-2023 00:00:00,TRADING,ENTRY | BUY 1.0 BTCUSD @ 28327.49 | OrderID=CRYPTO-1-261 | PositionID=BTCUSD.CRYPTO-EMACrossStrategy-000,UID001,EMA_Cross,EMA_Cross,
2026-04-04 10:52:23,20-11-2015 00:00:00,TRADING,EXIT | SELL 1.0 BTCUSD @ 322.02 | OrderID=CRYPTO-1-062 | PositionID=BTCUSD.CRYPTO-EMACrossStrategy-000,UID001,EMA_Cross,EMA_Cross,
2026-04-04 10:52:23,20-11-2015 00:00:00,TRADING,ENTRY | SELL 1.0 BTCUSD @ 322.02 | OrderID=CRYPTO-1-063 | PositionID=BTCUSD.CRYPTO-EMACrossStrategy-000,UID001,EMA_Cross,EMA_Cross,
2026-04-04 10:52:23,21-04-2021 00:00:00,TRADING,EXIT | SELL 1.0 BTCUSD @ 53906.09 | OrderID=CRYPTO-1-198 | PositionID=BTCUSD.CRYPTO-EMACrossStrategy-000,UID001,EMA_Cross,EMA_Cross,
2026-04-04 10:52:23,21-04-2021 00:00:00,TRADING,ENTRY | SELL 1.0 BTCUSD @ 53906.09 | OrderID=CRYPTO-1-199 | PositionID=BTCUSD.CRYPTO-EMACrossStrategy-000,UID001,EMA_Cross,EMA_Cross,
2026-04-04 10:52:23,21-05-2013 00:00:00,TRADING,ENTRY | BUY 1.0 BTCUSD @ 122.88 | OrderID=CRYPTO-1-001 | PositionID=BTCUSD.CRYPTO-EMACrossStrategy-000,UID001,EMA_Cross,EMA_Cross,
2026-04-04 10:52:23,21-07-2017 00:00:00,TRADING,EXIT | BUY 1.0 BTCUSD @ 2667.76 | OrderID=CRYPTO-1-104 | PositionID=BTCUSD.CRYPTO-EMACrossStrategy-000,UID001,EMA_Cross,EMA_Cross,
2026-04-04 10:52:23,21-07-2017 00:00:00,TRADING,ENTRY | BUY 1.0 BTCUSD @ 2667.76 | OrderID=CRYPTO-1-105 | PositionID=BTCUSD.CRYPTO-EMACrossStrategy-000,UID001,EMA_Cross,EMA_Cross,
2026-04-04 10:52:23,21-10-2014 00:00:00,TRADING,EXIT | BUY 1.0 BTCUSD @ 386.48 | OrderID=CRYPTO-1-032 | PositionID=BTCUSD.CRYPTO-EMACrossStrategy-000,UID001,EMA_Cross,EMA_Cross,
2026-04-04 10:52:23,21-10-2014 00:00:00,TRADING,ENTRY | BUY 1.0 BTCUSD @ 386.48 | OrderID=CRYPTO-1-033 | PositionID=BTCUSD.CRYPTO-EMACrossStrategy-000,UID001,EMA_Cross,EMA_Cross,
2026-04-04 10:52:23,22-01-2017 00:00:00,TRADING,EXIT | BUY 1.0 BTCUSD @ 924.67 | OrderID=CRYPTO-1-092 | PositionID=BTCUSD.CRYPTO-EMACrossStrategy-000,UID001,EMA_Cross,EMA_Cross,
2026-04-04 10:52:23,22-01-2017 00:00:00,TRADING,ENTRY | BUY 1.0 BTCUSD @ 924.67 | OrderID=CRYPTO-1-093 | PositionID=BTCUSD.CRYPTO-EMACrossStrategy-000,UID001,EMA_Cross,EMA_Cross,
2026-04-04 10:52:23,22-01-2026 00:00:00,TRADING,EXIT | SELL 1.0 BTCUSD @ 89462.45 | OrderID=CRYPTO-1-334 | PositionID=BTCUSD.CRYPTO-EMACrossStrategy-000,UID001,EMA_Cross,EMA_Cross,
2026-04-04 10:52:23,22-01-2026 00:00:00,TRADING,ENTRY | SELL 1.0 BTCUSD @ 89462.45 | OrderID=CRYPTO-1-335 | PositionID=BTCUSD.CRYPTO-EMACrossStrategy-000,UID001,EMA_Cross,EMA_Cross,
2026-04-04 10:52:23,22-03-2015 00:00:00,TRADING,EXIT | SELL 1.0 BTCUSD @ 267.96 | OrderID=CRYPTO-1-046 | PositionID=BTCUSD.CRYPTO-EMACrossStrategy-000,UID001,EMA_Cross,EMA_Cross,
2026-04-04 10:52:23,22-03-2015 00:00:00,TRADING,ENTRY | SELL 1.0 BTCUSD @ 267.96 | OrderID=CRYPTO-1-047 | PositionID=BTCUSD.CRYPTO-EMACrossStrategy-000,UID001,EMA_Cross,EMA_Cross,
2026-04-04 10:52:23,22-05-2015 00:00:00,TRADING,EXIT | BUY 1.0 BTCUSD @ 240.35 | OrderID=CRYPTO-1-052 | PositionID=BTCUSD.CRYPTO-EMACrossStrategy-000,UID001,EMA_Cross,EMA_Cross,
2026-04-04 10:52:23,22-05-2015 00:00:00,TRADING,ENTRY | BUY 1.0 BTCUSD @ 240.35 | OrderID=CRYPTO-1-053 | PositionID=BTCUSD.CRYPTO-EMACrossStrategy-000,UID001,EMA_Cross,EMA_Cross,
2026-04-04 10:52:23,22-07-2020 00:00:00,TRADING,EXIT | BUY 1.0 BTCUSD @ 9525.36 | OrderID=CRYPTO-1-188 | PositionID=BTCUSD.CRYPTO-EMACrossStrategy-000,UID001,EMA_Cross,EMA_Cross,
2026-04-04 10:52:23,22-07-2020 00:00:00,TRADING,ENTRY | BUY 1.0 BTCUSD @ 9525.36 | OrderID=CRYPTO-1-189 | PositionID=BTCUSD.CRYPTO-EMACrossStrategy-000,UID001,EMA_Cross,EMA_Cross,
2026-04-04 10:52:23,22-07-2023 00:00:00,TRADING,EXIT | SELL 1.0 BTCUSD @ 29771.80 | OrderID=CRYPTO-1-262 | PositionID=BTCUSD.CRYPTO-EMACrossStrategy-000,UID001,EMA_Cross,EMA_Cross,
2026-04-04 10:52:23,22-07-2023 00:00:00,TRADING,ENTRY | SELL 1.0 BTCUSD @ 29771.80 | OrderID=CRYPTO-1-263 | PositionID=BTCUSD.CRYPTO-EMACrossStrategy-000,UID001,EMA_Cross,EMA_Cross,
2026-04-04 10:52:23,22-11-2014 00:00:00,TRADING,EXIT | SELL 1.0 BTCUSD @ 352.92 | OrderID=CRYPTO-1-038 | PositionID=BTCUSD.CRYPTO-EMACrossStrategy-000,UID001,EMA_Cross,EMA_Cross,
2026-04-04 10:52:23,22-11-2014 00:00:00,TRADING,ENTRY | SELL 1.0 BTCUSD @ 352.92 | OrderID=CRYPTO-1-039 | PositionID=BTCUSD.CRYPTO-EMACrossStrategy-000,UID001,EMA_Cross,EMA_Cross,
2026-04-04 10:52:23,23-04-2023 00:00:00,TRADING,EXIT | SELL 1.0 BTCUSD @ 27591.38 | OrderID=CRYPTO-1-254 | PositionID=BTCUSD.CRYPTO-EMACrossStrategy-000,UID001,EMA_Cross,EMA_Cross,
2026-04-04 10:52:23,23-04-2023 00:00:00,TRADING,ENTRY | SELL 1.0 BTCUSD @ 27591.38 | OrderID=CRYPTO-1-255 | PositionID=BTCUSD.CRYPTO-EMACrossStrategy-000,UID001,EMA_Cross,EMA_Cross,
2026-04-04 10:52:23,23-06-2020 00:00:00,TRADING,EXIT | BUY 1.0 BTCUSD @ 9629.66 | OrderID=CRYPTO-1-184 | PositionID=BTCUSD.CRYPTO-EMACrossStrategy-000,UID001,EMA_Cross,EMA_Cross,
2026-04-04 10:52:23,23-06-2020 00:00:00,TRADING,ENTRY | BUY 1.0 BTCUSD @ 9629.66 | OrderID=CRYPTO-1-185 | PositionID=BTCUSD.CRYPTO-EMACrossStrategy-000,UID001,EMA_Cross,EMA_Cross,
2026-04-04 10:52:23,23-08-2024 00:00:00,TRADING,EXIT | BUY 1.0 BTCUSD @ 64094.36 | OrderID=CRYPTO-1-284 | PositionID=BTCUSD.CRYPTO-EMACrossStrategy-000,UID001,EMA_Cross,EMA_Cross,
2026-04-04 10:52:23,23-08-2024 00:00:00,TRADING,ENTRY | BUY 1.0 BTCUSD @ 64094.36 | OrderID=CRYPTO-1-285 | PositionID=BTCUSD.CRYPTO-EMACrossStrategy-000,UID001,EMA_Cross,EMA_Cross,
2026-04-04 10:52:23,23-10-2014 00:00:00,TRADING,EXIT | SELL 1.0 BTCUSD @ 358.42 | OrderID=CRYPTO-1-034 | PositionID=BTCUSD.CRYPTO-EMACrossStrategy-000,UID001,EMA_Cross,EMA_Cross,
2026-04-04 10:52:23,23-10-2014 00:00:00,TRADING,ENTRY | SELL 1.0 BTCUSD @ 358.42 | OrderID=CRYPTO-1-035 | PositionID=BTCUSD.CRYPTO-EMACrossStrategy-000,UID001,EMA_Cross,EMA_Cross,
2026-04-04 10:52:23,23-12-2024 00:00:00,TRADING,EXIT | SELL 1.0 BTCUSD @ 94686.24 | OrderID=CRYPTO-1-294 | PositionID=BTCUSD.CRYPTO-EMACrossStrategy-000,UID001,EMA_Cross,EMA_Cross,
2026-04-04 10:52:23,23-12-2024 00:00:00,TRADING,ENTRY | SELL 1.0 BTCUSD @ 94686.24 | OrderID=CRYPTO-1-295 | PositionID=BTCUSD.CRYPTO-EMACrossStrategy-000,UID001,EMA_Cross,EMA_Cross,
2026-04-04 10:52:23,24-06-2014 00:00:00,TRADING,EXIT | SELL 1.0 BTCUSD @ 582.36 | OrderID=CRYPTO-1-026 | PositionID=BTCUSD.CRYPTO-EMACrossStrategy-000,UID001,EMA_Cross,EMA_Cross,
2026-04-04 10:52:23,24-06-2014 00:00:00,TRADING,ENTRY | SELL 1.0 BTCUSD @ 582.36 | OrderID=CRYPTO-1-027 | PositionID=BTCUSD.CRYPTO-EMACrossStrategy-000,UID001,EMA_Cross,EMA_Cross,
2026-04-04 10:52:23,24-06-2020 00:00:00,TRADING,EXIT | SELL 1.0 BTCUSD @ 9313.61 | OrderID=CRYPTO-1-186 | PositionID=BTCUSD.CRYPTO-EMACrossStrategy-000,UID001,EMA_Cross,EMA_Cross,
2026-04-04 10:52:23,24-06-2020 00:00:00,TRADING,ENTRY | SELL 1.0 BTCUSD @ 9313.61 | OrderID=CRYPTO-1-187 | PositionID=BTCUSD.CRYPTO-EMACrossStrategy-000,UID001,EMA_Cross,EMA_Cross,
2026-04-04 10:52:23,24-07-2014 00:00:00,TRADING,EXIT | SELL 1.0 BTCUSD @ 601.73 | OrderID=CRYPTO-1-030 | PositionID=BTCUSD.CRYPTO-EMACrossStrategy-000,UID001,EMA_Cross,EMA_Cross,
2026-04-04 10:52:23,24-07-2014 00:00:00,TRADING,ENTRY | SELL 1.0 BTCUSD @ 601.73 | OrderID=CRYPTO-1-031 | PositionID=BTCUSD.CRYPTO-EMACrossStrategy-000,UID001,EMA_Cross,EMA_Cross,
2026-04-04 10:52:23,24-11-2014 00:00:00,TRADING,EXIT | BUY 1.0 BTCUSD @ 376.90 | OrderID=CRYPTO-1-040 | PositionID=BTCUSD.CRYPTO-EMACrossStrategy-000,UID001,EMA_Cross,EMA_Cross,
2026-04-04 10:52:23,24-11-2014 00:00:00,TRADING,ENTRY | BUY 1.0 BTCUSD @ 376.90 | OrderID=CRYPTO-1-041 | PositionID=BTCUSD.CRYPTO-EMACrossStrategy-000,UID001,EMA_Cross,EMA_Cross,
2026-04-04 10:52:23,24-12-2018 00:00:00,TRADING,EXIT | BUY 1.0 BTCUSD @ 4078.60 | OrderID=CRYPTO-1-144 | PositionID=BTCUSD.CRYPTO-EMACrossStrategy-000,UID001,EMA_Cross,EMA_Cross,
2026-04-04 10:52:23,24-12-2018 00:00:00,TRADING,ENTRY | BUY 1.0 BTCUSD @ 4078.60 | OrderID=CRYPTO-1-145 | PositionID=BTCUSD.CRYPTO-EMACrossStrategy-000,UID001,EMA_Cross,EMA_Cross,
2026-04-04 10:52:23,25-01-2021 00:00:00,TRADING,EXIT | SELL 1.0 BTCUSD @ 32366.39 | OrderID=CRYPTO-1-194 | PositionID=BTCUSD.CRYPTO-EMACrossStrategy-000,UID001,EMA_Cross,EMA_Cross,
2026-04-04 10:52:23,25-01-2021 00:00:00,TRADING,ENTRY | SELL 1.0 BTCUSD @ 32366.39 | OrderID=CRYPTO-1-195 | PositionID=BTCUSD.CRYPTO-EMACrossStrategy-000,UID001,EMA_Cross,EMA_Cross,
2026-04-04 10:52:23,25-03-2016 00:00:00,TRADING,EXIT | BUY 1.0 BTCUSD @ 417.18 | OrderID=CRYPTO-1-080 | PositionID=BTCUSD.CRYPTO-EMACrossStrategy-000,UID001,EMA_Cross,EMA_Cross,
2026-04-04 10:52:23,25-03-2016 00:00:00,TRADING,ENTRY | BUY 1.0 BTCUSD @ 417.18 | OrderID=CRYPTO-1-081 | PositionID=BTCUSD.CRYPTO-EMACrossStrategy-000,UID001,EMA_Cross,EMA_Cross,
2026-04-04 10:52:23,25-07-2016 00:00:00,TRADING,EXIT | SELL 1.0 BTCUSD @ 654.10 | OrderID=CRYPTO-1-086 | PositionID=BTCUSD.CRYPTO-EMACrossStrategy-000,UID001,EMA_Cross,EMA_Cross,
2026-04-04 10:52:23,25-07-2016 00:00:00,TRADING,ENTRY | SELL 1.0 BTCUSD @ 654.10 | OrderID=CRYPTO-1-087 | PositionID=BTCUSD.CRYPTO-EMACrossStrategy-000,UID001,EMA_Cross,EMA_Cross,
2026-04-04 10:52:23,25-07-2021 00:00:00,TRADING,EXIT | BUY 1.0 BTCUSD @ 35350.19 | OrderID=CRYPTO-1-204 | PositionID=BTCUSD.CRYPTO-EMACrossStrategy-000,UID001,EMA_Cross,EMA_Cross,
2026-04-04 10:52:23,25-07-2021 00:00:00,TRADING,ENTRY | BUY 1.0 BTCUSD @ 35350.19 | OrderID=CRYPTO-1-205 | PositionID=BTCUSD.CRYPTO-EMACrossStrategy-000,UID001,EMA_Cross,EMA_Cross,
2026-04-04 10:52:23,25-09-2025 00:00:00,TRADING,EXIT | SELL 1.0 BTCUSD @ 109049.29 | OrderID=CRYPTO-1-326 | PositionID=BTCUSD.CRYPTO-EMACrossStrategy-000,UID001,EMA_Cross,EMA_Cross,
2026-04-04 10:52:23,25-09-2025 00:00:00,TRADING,ENTRY | SELL 1.0 BTCUSD @ 109049.29 | OrderID=CRYPTO-1-327 | PositionID=BTCUSD.CRYPTO-EMACrossStrategy-000,UID001,EMA_Cross,EMA_Cross,
2026-04-04 10:52:23,25-10-2022 00:00:00,TRADING,EXIT | BUY 1.0 BTCUSD @ 20095.86 | OrderID=CRYPTO-1-236 | PositionID=BTCUSD.CRYPTO-EMACrossStrategy-000,UID001,EMA_Cross,EMA_Cross,
2026-04-04 10:52:23,25-10-2022 00:00:00,TRADING,ENTRY | BUY 1.0 BTCUSD @ 20095.86 | OrderID=CRYPTO-1-237 | PositionID=BTCUSD.CRYPTO-EMACrossStrategy-000,UID001,EMA_Cross,EMA_Cross,
2026-04-04 10:52:23,25-12-2024 00:00:00,TRADING,EXIT | BUY 1.0 BTCUSD @ 99299.19 | OrderID=CRYPTO-1-296 | PositionID=BTCUSD.CRYPTO-EMACrossStrategy-000,UID001,EMA_Cross,EMA_Cross,
2026-04-04 10:52:23,25-12-2024 00:00:00,TRADING,ENTRY | BUY 1.0 BTCUSD @ 99299.19 | OrderID=CRYPTO-1-297 | PositionID=BTCUSD.CRYPTO-EMACrossStrategy-000,UID001,EMA_Cross,EMA_Cross,
2026-04-04 10:52:23,26-02-2020 00:00:00,TRADING,EXIT | SELL 1.0 BTCUSD @ 8820.52 | OrderID=CRYPTO-1-178 | PositionID=BTCUSD.CRYPTO-EMACrossStrategy-000,UID001,EMA_Cross,EMA_Cross,
2026-04-04 10:52:23,26-02-2020 00:00:00,TRADING,ENTRY | SELL 1.0 BTCUSD @ 8820.52 | OrderID=CRYPTO-1-179 | PositionID=BTCUSD.CRYPTO-EMACrossStrategy-000,UID001,EMA_Cross,EMA_Cross,
2026-04-04 10:52:23,26-04-2014 00:00:00,TRADING,EXIT | SELL 1.0 BTCUSD @ 458.60 | OrderID=CRYPTO-1-022 | PositionID=BTCUSD.CRYPTO-EMACrossStrategy-000,UID001,EMA_Cross,EMA_Cross,
2026-04-04 10:52:23,26-04-2014 00:00:00,TRADING,ENTRY | SELL 1.0 BTCUSD @ 458.60 | OrderID=CRYPTO-1-023 | PositionID=BTCUSD.CRYPTO-EMACrossStrategy-000,UID001,EMA_Cross,EMA_Cross,
2026-04-04 10:52:23,26-06-2025 00:00:00,TRADING,EXIT | BUY 1.0 BTCUSD @ 106960.00 | OrderID=CRYPTO-1-316 | PositionID=BTCUSD.CRYPTO-EMACrossStrategy-000,UID001,EMA_Cross,EMA_Cross,
2026-04-04 10:52:23,26-06-2025 00:00:00,TRADING,ENTRY | BUY 1.0 BTCUSD @ 106960.00 | OrderID=CRYPTO-1-317 | PositionID=BTCUSD.CRYPTO-EMACrossStrategy-000,UID001,EMA_Cross,EMA_Cross,
2026-04-04 10:52:23,26-09-2023 00:00:00,TRADING,EXIT | SELL 1.0 BTCUSD @ 26217.25 | OrderID=CRYPTO-1-266 | PositionID=BTCUSD.CRYPTO-EMACrossStrategy-000,UID001,EMA_Cross,EMA_Cross,
2026-04-04 10:52:23,26-09-2023 00:00:00,TRADING,ENTRY | SELL 1.0 BTCUSD @ 26217.25 | OrderID=CRYPTO-1-267 | PositionID=BTCUSD.CRYPTO-EMACrossStrategy-000,UID001,EMA_Cross,EMA_Cross,
2026-04-04 10:52:23,26-11-2015 00:00:00,TRADING,EXIT | BUY 1.0 BTCUSD @ 352.68 | OrderID=CRYPTO-1-064 | PositionID=BTCUSD.CRYPTO-EMACrossStrategy-000,UID001,EMA_Cross,EMA_Cross,
2026-04-04 10:52:23,26-11-2015 00:00:00,TRADING,ENTRY | BUY 1.0 BTCUSD @ 352.68 | OrderID=CRYPTO-1-065 | PositionID=BTCUSD.CRYPTO-EMACrossStrategy-000,UID001,EMA_Cross,EMA_Cross,
2026-04-04 10:52:23,26-12-2024 00:00:00,TRADING,EXIT | SELL 1.0 BTCUSD @ 95795.52 | OrderID=CRYPTO-1-298 | PositionID=BTCUSD.CRYPTO-EMACrossStrategy-000,UID001,EMA_Cross,EMA_Cross,
2026-04-04 10:52:23,26-12-2024 00:00:00,TRADING,ENTRY | SELL 1.0 BTCUSD @ 95795.52 | OrderID=CRYPTO-1-299 | PositionID=BTCUSD.CRYPTO-EMACrossStrategy-000,UID001,EMA_Cross,EMA_Cross,
2026-04-04 10:52:23,27-01-2014 00:00:00,TRADING,EXIT | SELL 1.0 BTCUSD @ 771.39 | OrderID=CRYPTO-1-014 | PositionID=BTCUSD.CRYPTO-EMACrossStrategy-000,UID001,EMA_Cross,EMA_Cross,
2026-04-04 10:52:23,27-01-2014 00:00:00,TRADING,ENTRY | SELL 1.0 BTCUSD @ 771.39 | OrderID=CRYPTO-1-015 | PositionID=BTCUSD.CRYPTO-EMACrossStrategy-000,UID001,EMA_Cross,EMA_Cross,
2026-04-04 10:52:23,27-03-2025 00:00:00,TRADING,EXIT | BUY 1.0 BTCUSD @ 87177.10 | OrderID=CRYPTO-1-308 | PositionID=BTCUSD.CRYPTO-EMACrossStrategy-000,UID001,EMA_Cross,EMA_Cross,
2026-04-04 10:52:23,27-03-2025 00:00:00,TRADING,ENTRY | BUY 1.0 BTCUSD @ 87177.10 | OrderID=CRYPTO-1-309 | PositionID=BTCUSD.CRYPTO-EMACrossStrategy-000,UID001,EMA_Cross,EMA_Cross,
2026-04-04 10:52:23,27-05-2016 00:00:00,TRADING,EXIT | BUY 1.0 BTCUSD @ 473.46 | OrderID=CRYPTO-1-084 | PositionID=BTCUSD.CRYPTO-EMACrossStrategy-000,UID001,EMA_Cross,EMA_Cross,
2026-04-04 10:52:23,27-05-2016 00:00:00,TRADING,ENTRY | BUY 1.0 BTCUSD @ 473.46 | OrderID=CRYPTO-1-085 | PositionID=BTCUSD.CRYPTO-EMACrossStrategy-000,UID001,EMA_Cross,EMA_Cross,
2026-04-04 10:52:23,27-10-2019 00:00:00,TRADING,EXIT | BUY 1.0 BTCUSD @ 9551.71 | OrderID=CRYPTO-1-172 | PositionID=BTCUSD.CRYPTO-EMACrossStrategy-000,UID001,EMA_Cross,EMA_Cross,
2026-04-04 10:52:23,27-10-2019 00:00:00,TRADING,ENTRY | BUY 1.0 BTCUSD @ 9551.71 | OrderID=CRYPTO-1-173 | PositionID=BTCUSD.CRYPTO-EMACrossStrategy-000,UID001,EMA_Cross,EMA_Cross,
2026-04-04 10:52:23,27-12-2018 00:00:00,TRADING,EXIT | SELL 1.0 BTCUSD @ 3654.83 | OrderID=CRYPTO-1-146 | PositionID=BTCUSD.CRYPTO-EMACrossStrategy-000,UID001,EMA_Cross,EMA_Cross,
2026-04-04 10:52:23,27-12-2018 00:00:00,TRADING,ENTRY | SELL 1.0 BTCUSD @ 3654.83 | OrderID=CRYPTO-1-147 | PositionID=BTCUSD.CRYPTO-EMACrossStrategy-000,UID001,EMA_Cross,EMA_Cross,
2026-04-04 10:52:23,28-03-2025 00:00:00,TRADING,EXIT | SELL 1.0 BTCUSD @ 84353.15 | OrderID=CRYPTO-1-310 | PositionID=BTCUSD.CRYPTO-EMACrossStrategy-000,UID001,EMA_Cross,EMA_Cross,
2026-04-04 10:52:23,28-03-2025 00:00:00,TRADING,ENTRY | SELL 1.0 BTCUSD @ 84353.15 | OrderID=CRYPTO-1-311 | PositionID=BTCUSD.CRYPTO-EMACrossStrategy-000,UID001,EMA_Cross,EMA_Cross,
2026-04-04 10:52:23,28-04-2023 00:00:00,TRADING,EXIT | BUY 1.0 BTCUSD @ 29340.26 | OrderID=CRYPTO-1-256 | PositionID=BTCUSD.CRYPTO-EMACrossStrategy-000,UID001,EMA_Cross,EMA_Cross,
2026-04-04 10:52:23,28-04-2023 00:00:00,TRADING,ENTRY | BUY 1.0 BTCUSD @ 29340.26 | OrderID=CRYPTO-1-257 | PositionID=BTCUSD.CRYPTO-EMACrossStrategy-000,UID001,EMA_Cross,EMA_Cross,
2026-04-04 10:52:23,28-08-2018 00:00:00,TRADING,EXIT | BUY 1.0 BTCUSD @ 7096.28 | OrderID=CRYPTO-1-132 | PositionID=BTCUSD.CRYPTO-EMACrossStrategy-000,UID001,EMA_Cross,EMA_Cross,
2026-04-04 10:52:23,28-08-2018 00:00:00,TRADING,ENTRY | BUY 1.0 BTCUSD @ 7096.28 | OrderID=CRYPTO-1-133 | PositionID=BTCUSD.CRYPTO-EMACrossStrategy-000,UID001,EMA_Cross,EMA_Cross,
2026-04-04 10:52:23,28-09-2015 00:00:00,TRADING,EXIT | BUY 1.0 BTCUSD @ 239.14 | OrderID=CRYPTO-1-060 | PositionID=BTCUSD.CRYPTO-EMACrossStrategy-000,UID001,EMA_Cross,EMA_Cross,
2026-04-04 10:52:23,28-09-2015 00:00:00,TRADING,ENTRY | BUY 1.0 BTCUSD @ 239.14 | OrderID=CRYPTO-1-061 | PositionID=BTCUSD.CRYPTO-EMACrossStrategy-000,UID001,EMA_Cross,EMA_Cross,
2026-04-04 10:52:23,28-09-2018 00:00:00,TRADING,EXIT | BUY 1.0 BTCUSD @ 6644.13 | OrderID=CRYPTO-1-136 | PositionID=BTCUSD.CRYPTO-EMACrossStrategy-000,UID001,EMA_Cross,EMA_Cross,
2026-04-04 10:52:23,28-09-2018 00:00:00,TRADING,ENTRY | BUY 1.0 BTCUSD @ 6644.13 | OrderID=CRYPTO-1-137 | PositionID=BTCUSD.CRYPTO-EMACrossStrategy-000,UID001,EMA_Cross,EMA_Cross,
2026-04-04 10:52:23,28-09-2023 00:00:00,TRADING,EXIT | BUY 1.0 BTCUSD @ 27021.55 | OrderID=CRYPTO-1-268 | PositionID=BTCUSD.CRYPTO-EMACrossStrategy-000,UID001,EMA_Cross,EMA_Cross,
2026-04-04 10:52:23,28-09-2023 00:00:00,TRADING,ENTRY | BUY 1.0 BTCUSD @ 27021.55 | OrderID=CRYPTO-1-269 | PositionID=BTCUSD.CRYPTO-EMACrossStrategy-000,UID001,EMA_Cross,EMA_Cross,
2026-04-04 10:52:23,28-12-2018 00:00:00,TRADING,EXIT | BUY 1.0 BTCUSD @ 3923.92 | OrderID=CRYPTO-1-148 | PositionID=BTCUSD.CRYPTO-EMACrossStrategy-000,UID001,EMA_Cross,EMA_Cross,
2026-04-04 10:52:23,28-12-2018 00:00:00,TRADING,ENTRY | BUY 1.0 BTCUSD @ 3923.92 | OrderID=CRYPTO-1-149 | PositionID=BTCUSD.CRYPTO-EMACrossStrategy-000,UID001,EMA_Cross,EMA_Cross,
2026-04-04 10:52:23,29-08-2024 00:00:00,TRADING,EXIT | SELL 1.0 BTCUSD @ 59388.18 | OrderID=CRYPTO-1-286 | PositionID=BTCUSD.CRYPTO-EMACrossStrategy-000,UID001,EMA_Cross,EMA_Cross,
2026-04-04 10:52:23,29-08-2024 00:00:00,TRADING,ENTRY | SELL 1.0 BTCUSD @ 59388.18 | OrderID=CRYPTO-1-287 | PositionID=BTCUSD.CRYPTO-EMACrossStrategy-000,UID001,EMA_Cross,EMA_Cross,
2026-04-04 10:52:23,29-09-2017 00:00:00,TRADING,EXIT | BUY 1.0 BTCUSD @ 4163.07 | OrderID=CRYPTO-1-108 | PositionID=BTCUSD.CRYPTO-EMACrossStrategy-000,UID001,EMA_Cross,EMA_Cross,
2026-04-04 10:52:23,29-09-2017 00:00:00,TRADING,ENTRY | BUY 1.0 BTCUSD @ 4163.07 | OrderID=CRYPTO-1-109 | PositionID=BTCUSD.CRYPTO-EMACrossStrategy-000,UID001,EMA_Cross,EMA_Cross,
2026-04-04 10:52:23,30-05-2015 00:00:00,TRADING,EXIT | SELL 1.0 BTCUSD @ 233.35 | OrderID=CRYPTO-1-054 | PositionID=BTCUSD.CRYPTO-EMACrossStrategy-000,UID001,EMA_Cross,EMA_Cross,
2026-04-04 10:52:23,30-05-2015 00:00:00,TRADING,ENTRY | SELL 1.0 BTCUSD @ 233.35 | OrderID=CRYPTO-1-055 | PositionID=BTCUSD.CRYPTO-EMACrossStrategy-000,UID001,EMA_Cross,EMA_Cross,
2026-04-04 10:52:23,30-06-2014 00:00:00,TRADING,EXIT | BUY 1.0 BTCUSD @ 639.80 | OrderID=CRYPTO-1-028 | PositionID=BTCUSD.CRYPTO-EMACrossStrategy-000,UID001,EMA_Cross,EMA_Cross,
2026-04-04 10:52:23,30-06-2014 00:00:00,TRADING,ENTRY | BUY 1.0 BTCUSD @ 639.80 | OrderID=CRYPTO-1-029 | PositionID=BTCUSD.CRYPTO-EMACrossStrategy-000,UID001,EMA_Cross,EMA_Cross,
2026-04-04 10:52:23,30-06-2017 00:00:00,TRADING,EXIT | SELL 1.0 BTCUSD @ 2480.84 | OrderID=CRYPTO-1-098 | PositionID=BTCUSD.CRYPTO-EMACrossStrategy-000,UID001,EMA_Cross,EMA_Cross,
2026-04-04 10:52:23,30-06-2017 00:00:00,TRADING,ENTRY | SELL 1.0 BTCUSD @ 2480.84 | OrderID=CRYPTO-1-099 | PositionID=BTCUSD.CRYPTO-EMACrossStrategy-000,UID001,EMA_Cross,EMA_Cross,
2026-04-04 10:52:23,30-12-2017 00:00:00,TRADING,EXIT | SELL 1.0 BTCUSD @ 12952.20 | OrderID=CRYPTO-1-110 | PositionID=BTCUSD.CRYPTO-EMACrossStrategy-000,UID001,EMA_Cross,EMA_Cross,
2026-04-04 10:52:23,30-12-2017 00:00:00,TRADING,ENTRY | SELL 1.0 BTCUSD @ 12952.20 | OrderID=CRYPTO-1-111 | PositionID=BTCUSD.CRYPTO-EMACrossStrategy-000,UID001,EMA_Cross,EMA_Cross,
2026-04-04 10:52:23,31-12-2018 00:00:00,TRADING,EXIT | SELL 1.0 BTCUSD @ 3742.70 | OrderID=CRYPTO-1-150 | PositionID=BTCUSD.CRYPTO-EMACrossStrategy-000,UID001,EMA_Cross,EMA_Cross,
2026-04-04 10:52:23,31-12-2018 00:00:00,TRADING,ENTRY | SELL 1.0 BTCUSD @ 3742.70 | OrderID=CRYPTO-1-151 | PositionID=BTCUSD.CRYPTO-EMACrossStrategy-000,UID001,EMA_Cross,EMA_Cross,
