USERID,SYMBOL,EXCHANGE,TRANSACTION,QUANTITY,LOTS,MULTIPLIER,OrderID,ENTRY TIME,ENTRY PRICE,ENTRY REASON,OPTION TYPE,STRIKE,PORTFOLIO NAME,STRATEGY,EXIT TIME,AVG EXIT PRICE,EXIT REASON,PNL,_IS_HEDGE,_PARENT_ID
UID001,BTCUSD,CRYPTO,BUY,1.0,1.0,1.0,BTCUSD.CRYPTO-EMACrossStrategy-000-2f30b00c-70d3-4003-aaa1-f543836eb91b,01-02-2024 00:00:00,43075.77,Strategy Signal,,,EMA_Cross,EMA_Cross,13-04-2024 00:00:00,63821.47,Strategy Signal,20638.8,False,
UID001,BTCUSD,CRYPTO,BUY,1.0,1.0,1.0,BTCUSD.CRYPTO-EMACrossStrategy-000-2b7efe3c-15b9-4025-b191-98ed94690584,01-03-2022 00:00:00,44354.64,Strategy Signal,,,EMA_Cross,EMA_Cross,06-03-2022 00:00:00,38419.98,Strategy Signal,-6017.43,False,
UID001,BTCUSD,CRYPTO,BUY,1.0,1.0,1.0,BTCUSD.CRYPTO-EMACrossStrategy-000-369aa500-a10e-46ef-9436-6f6975d1887e,01-10-2025 00:00:00,118648.93,Strategy Signal,,,EMA_Cross,EMA_Cross,14-10-2025 00:00:00,113118.67,Strategy Signal,-5762.03,False,
UID001,BTCUSD,CRYPTO,BUY,1.0,1.0,1.0,BTCUSD.CRYPTO-EMACrossStrategy-000-3b6233e8-0614-48bd-9bac-b13b7978c83f,02-01-2014 00:00:00,802.39,Strategy Signal,,,EMA_Cross,EMA_Cross,27-01-2014 00:00:00,771.39,Strategy Signal,-32.57,False,
UID001,BTCUSD,CRYPTO,BUY,1.0,1.0,1.0,BTCUSD.CRYPTO-EMACrossStrategy-000-d2365792-1816-411a-b487-09673c3f879b,02-01-2019 00:00:00,3943.41,Strategy Signal,,,EMA_Cross,EMA_Cross,11-01-2019 00:00:00,3687.37,Strategy Signal,-263.67,False,
UID001,BTCUSD,CRYPTO,BUY,1.0,1.0,1.0,BTCUSD.CRYPTO-EMACrossStrategy-000-7f587cad-c9e6-4621-9193-c93b27c3e4eb,02-02-2021 00:00:00,35510.29,Strategy Signal,,,EMA_Cross,EMA_Cross,21-04-2021 00:00:00,53906.09,Strategy Signal,18306.38,False,
UID001,BTCUSD,CRYPTO,SELL,1.0,1.0,1.0,BTCUSD.CRYPTO-EMACrossStrategy-000-249310fc-5fc4-47a0-b1fb-1cac14a2e051,02-08-2025 00:00:00,112526.91,Strategy Signal,,,EMA_Cross,EMA_Cross,09-08-2025 00:00:00,116500.36,Strategy Signal,-4202.48,False,
UID001,BTCUSD,CRYPTO,SELL,1.0,1.0,1.0,BTCUSD.CRYPTO-EMACrossStrategy-000-2337ac34-1ece-44b6-87ea-90550c53e388,02-10-2013 00:00:00,114.13,Strategy Signal,,,EMA_Cross,EMA_Cross,10-10-2013 00:00:00,130.59,Strategy Signal,-16.7,False,
UID001,BTCUSD,CRYPTO,BUY,1.0,1.0,1.0,BTCUSD.CRYPTO-EMACrossStrategy-000-fa35e436-3c26-4b21-bd9e-a17bb90e36bc,03-01-2026 00:00:00,90603.19,Strategy Signal,,,EMA_Cross,EMA_Cross,22-01-2026 00:00:00,89462.45,Strategy Signal,-1320.8,False,
UID001,BTCUSD,CRYPTO,SELL,1.0,1.0,1.0,BTCUSD.CRYPTO-EMACrossStrategy-000-96e8d66f-9bfe-48b4-a775-a4f8948fd3c2,03-03-2023 00:00:00,22362.68,Strategy Signal,,,EMA_Cross,EMA_Cross,15-03-2023 00:00:00,24375.96,Strategy Signal,-2060.02,False,
UID001,BTCUSD,CRYPTO,SELL,1.0,1.0,1.0,BTCUSD.CRYPTO-EMACrossStrategy-000-bd796dd8-9741-4219-9844-955097b48400,03-08-2024 00:00:00,60680.09,Strategy Signal,,,EMA_Cross,EMA_Cross,23-08-2024 00:00:00,64094.36,Strategy Signal,-3539.04,False,
UID001,BTCUSD,CRYPTO,SELL,1.0,1.0,1.0,BTCUSD.CRYPTO-EMACrossStrategy-000-6a499abc-8252-4749-9af6-01e6c3f8c610,03-09-2020 00:00:00,10245.3,Strategy Signal,,,EMA_Cross,EMA_Cross,08-10-2020 00:00:00,10915.69,Strategy Signal,-691.56,False,
UID001,BTCUSD,CRYPTO,SELL,1.0,1.0,1.0,BTCUSD.CRYPTO-EMACrossStrategy-000-15d5476d-ac7a-45eb-8af0-2cab942e6035,03-10-2018 00:00:00,6502.59,Strategy Signal,,,EMA_Cross,EMA_Cross,06-10-2018 00:00:00,6588.31,Strategy Signal,-98.81,False,
UID001,BTCUSD,CRYPTO,BUY,1.0,1.0,1.0,BTCUSD.CRYPTO-EMACrossStrategy-000-144c5884-d980-42b0-b804-7e3211b8115c,03-10-2021 00:00:00,48199.95,Strategy Signal,,,EMA_Cross,EMA_Cross,18-11-2021 00:00:00,56942.14,Strategy Signal,8637.05,False,
UID001,BTCUSD,CRYPTO,SELL,1.0,1.0,1.0,BTCUSD.CRYPTO-EMACrossStrategy-000-4e21ea60-17fb-4e11-a34d-86b3b0281223,04-02-2025 00:00:00,97871.82,Strategy Signal,,,EMA_Cross,EMA_Cross,27-03-2025 00:00:00,87177.1,Strategy Signal,10509.67,False,
UID001,BTCUSD,CRYPTO,BUY,1.0,1.0,1.0,BTCUSD.CRYPTO-EMACrossStrategy-000-fc5a892b-6161-487e-a520-334d746404bb,04-04-2017 00:00:00,1133.25,Strategy Signal,,,EMA_Cross,EMA_Cross,30-06-2017 00:00:00,2480.84,Strategy Signal,1343.98,False,
UID001,BTCUSD,CRYPTO,BUY,1.0,1.0,1.0,BTCUSD.CRYPTO-EMACrossStrategy-000-0e5361a4-9c75-475b-8b6f-28cd443815a1,04-05-2015 00:00:00,239.02,Strategy Signal,,,EMA_Cross,EMA_Cross,19-05-2015 00:00:00,231.95,Strategy Signal,-7.54,False,
UID001,BTCUSD,CRYPTO,BUY,1.0,1.0,1.0,BTCUSD.CRYPTO-EMACrossStrategy-000-9b7948fc-4fe4-4409-a62a-bc4a68b87e39,04-08-2019 00:00:00,10970.18,Strategy Signal,,,EMA_Cross,EMA_Cross,16-08-2019 00:00:00,10374.34,Strategy Signal,-617.18,False,
UID001,BTCUSD,CRYPTO,BUY,1.0,1.0,1.0,BTCUSD.CRYPTO-EMACrossStrategy-000-79a13a20-a57a-45d9-a0c5-c85edac6773b,04-09-2016 00:00:00,608.63,Strategy Signal,,,EMA_Cross,EMA_Cross,11-01-2017 00:00:00,777.76,Strategy Signal,167.74,False,
UID001,BTCUSD,CRYPTO,BUY,1.0,1.0,1.0,BTCUSD.CRYPTO-EMACrossStrategy-000-37a2b9d3-4bd2-4859-8ed0-1c3ba918e06c,05-01-2018 00:00:00,17429.5,Strategy Signal,,,EMA_Cross,EMA_Cross,11-01-2018 00:00:00,13405.8,Strategy Signal,-4054.54,False,
UID001,BTCUSD,CRYPTO,BUY,1.0,1.0,1.0,BTCUSD.CRYPTO-EMACrossStrategy-000-6047eb43-a91c-4fcd-a810-c5314cb159ff,05-01-2020 00:00:00,7411.32,Strategy Signal,,,EMA_Cross,EMA_Cross,26-02-2020 00:00:00,8820.52,Strategy Signal,1392.97,False,
UID001,BTCUSD,CRYPTO,BUY,1.0,1.0,1.0,BTCUSD.CRYPTO-EMACrossStrategy-000-317c393d-d64c-43b7-9b9d-f8f81918b500,06-01-2025 00:00:00,102078.09,Strategy Signal,,,EMA_Cross,EMA_Cross,09-01-2025 00:00:00,92484.04,Strategy Signal,-9788.61,False,
UID001,BTCUSD,CRYPTO,SELL,1.0,1.0,1.0,BTCUSD.CRYPTO-EMACrossStrategy-000-8488b79a-4af0-4d04-b024-9d946271a0f5,06-03-2022 00:00:00,38419.98,Strategy Signal,,,EMA_Cross,EMA_Cross,18-03-2022 00:00:00,41801.15,Strategy Signal,-3461.39,False,
UID001,BTCUSD,CRYPTO,BUY,1.0,1.0,1.0,BTCUSD.CRYPTO-EMACrossStrategy-000-9a8fd8b2-8ab4-492b-b9da-a85380cae23e,06-04-2020 00:00:00,7271.78,Strategy Signal,,,EMA_Cross,EMA_Cross,19-06-2020 00:00:00,9288.02,Strategy Signal,1999.68,False,
UID001,BTCUSD,CRYPTO,BUY,1.0,1.0,1.0,BTCUSD.CRYPTO-EMACrossStrategy-000-10a38922-3ae4-4325-8f4a-fd32a1c2428b,06-07-2017 00:00:00,2608.56,Strategy Signal,,,EMA_Cross,EMA_Cross,07-07-2017 00:00:00,2518.66,Strategy Signal,-95.03,False,
UID001,BTCUSD,CRYPTO,SELL,1.0,1.0,1.0,BTCUSD.CRYPTO-EMACrossStrategy-000-93dfd273-bc31-487c-9803-5ec6e7990e58,06-08-2018 00:00:00,6951.8,Strategy Signal,,,EMA_Cross,EMA_Cross,28-08-2018 00:00:00,7096.28,Strategy Signal,-158.53,False,
UID001,BTCUSD,CRYPTO,BUY,1.0,1.0,1.0,BTCUSD.CRYPTO-EMACrossStrategy-000-55fd58b0-5a26-41c8-8405-0572c2c27b0c,06-10-2018 00:00:00,6588.31,Strategy Signal,,,EMA_Cross,EMA_Cross,11-10-2018 00:00:00,6256.24,Strategy Signal,-344.92,False,
UID001,BTCUSD,CRYPTO,BUY,1.0,1.0,1.0,BTCUSD.CRYPTO-EMACrossStrategy-000-be5988ab-14a9-4e66-8d08-c43bd3a4e52d,06-10-2022 00:00:00,19955.44,Strategy Signal,,,EMA_Cross,EMA_Cross,08-10-2022 00:00:00,19416.57,Strategy Signal,-578.25,False,
UID001,BTCUSD,CRYPTO,BUY,1.0,1.0,1.0,BTCUSD.CRYPTO-EMACrossStrategy-000-40f3b981-ea96-4ef3-993a-2fb26e871d68,07-02-2022 00:00:00,43840.29,Strategy Signal,,,EMA_Cross,EMA_Cross,20-02-2022 00:00:00,38431.38,Strategy Signal,-5491.18,False,
UID001,BTCUSD,CRYPTO,BUY,1.0,1.0,1.0,BTCUSD.CRYPTO-EMACrossStrategy-000-3d950ff3-b020-439f-bb74-dd17bfc1e62c,07-05-2021 00:00:00,57356.4,Strategy Signal,,,EMA_Cross,EMA_Cross,12-05-2021 00:00:00,49150.53,Strategy Signal,-8312.38,False,
UID001,BTCUSD,CRYPTO,SELL,1.0,1.0,1.0,BTCUSD.CRYPTO-EMACrossStrategy-000-0070fa4d-ffe9-4c76-9384-9512e1f6c7e6,07-06-2013 00:00:00,111.5,Strategy Signal,,,EMA_Cross,EMA_Cross,16-07-2013 00:00:00,97.45,Strategy Signal,13.84,False,
UID001,BTCUSD,CRYPTO,SELL,1.0,1.0,1.0,BTCUSD.CRYPTO-EMACrossStrategy-000-021394f1-103b-420d-9e81-22ec71855b93,07-07-2017 00:00:00,2518.66,Strategy Signal,,,EMA_Cross,EMA_Cross,21-07-2017 00:00:00,2667.76,Strategy Signal,-154.29,False,
UID001,BTCUSD,CRYPTO,BUY,1.0,1.0,1.0,BTCUSD.CRYPTO-EMACrossStrategy-000-2972557d-5422-4a99-ae27-d0a3424d9fce,07-09-2019 00:00:00,10517.25,Strategy Signal,,,EMA_Cross,EMA_Cross,10-09-2019 00:00:00,10115.98,Strategy Signal,-421.91,False,
UID001,BTCUSD,CRYPTO,BUY,1.0,1.0,1.0,BTCUSD.CRYPTO-EMACrossStrategy-000-742521bf-d7b9-4602-826c-c98a2ad6d1b0,08-01-2023 00:00:00,17091.14,Strategy Signal,,,EMA_Cross,EMA_Cross,13-02-2023 00:00:00,21808.1,Strategy Signal,4678.06,False,
UID001,BTCUSD,CRYPTO,SELL,1.0,1.0,1.0,BTCUSD.CRYPTO-EMACrossStrategy-000-1ff496c1-fc0e-4a10-ac77-9cab9b94aeff,08-03-2016 00:00:00,413.97,Strategy Signal,,,EMA_Cross,EMA_Cross,11-03-2016 00:00:00,421.69,Strategy Signal,-8.55,False,
UID001,BTCUSD,CRYPTO,SELL,1.0,1.0,1.0,BTCUSD.CRYPTO-EMACrossStrategy-000-ae3c4dfe-61d7-400c-8fb4-e8314e0f64ce,08-05-2023 00:00:00,27694.27,Strategy Signal,,,EMA_Cross,EMA_Cross,20-06-2023 00:00:00,28327.49,Strategy Signal,-689.24,False,
UID001,BTCUSD,CRYPTO,BUY,1.0,1.0,1.0,BTCUSD.CRYPTO-EMACrossStrategy-000-cc16a3fa-6535-4fa3-8bcb-20c0b7c85852,08-07-2018 00:00:00,6773.88,Strategy Signal,,,EMA_Cross,EMA_Cross,10-07-2018 00:00:00,6329.95,Strategy Signal,-457.03,False,
UID001,BTCUSD,CRYPTO,SELL,1.0,1.0,1.0,BTCUSD.CRYPTO-EMACrossStrategy-000-3b4f3c62-5fbc-4c84-92f6-322c0e2232c8,08-08-2015 00:00:00,261.0,Strategy Signal,,,EMA_Cross,EMA_Cross,28-09-2015 00:00:00,239.14,Strategy Signal,21.36,False,
UID001,BTCUSD,CRYPTO,SELL,1.0,1.0,1.0,BTCUSD.CRYPTO-EMACrossStrategy-000-d3dafb0a-7483-4473-a8f6-5229fa626260,08-09-2018 00:00:00,6225.98,Strategy Signal,,,EMA_Cross,EMA_Cross,28-09-2018 00:00:00,6644.13,Strategy Signal,-431.02,False,
UID001,BTCUSD,CRYPTO,BUY,1.0,1.0,1.0,BTCUSD.CRYPTO-EMACrossStrategy-000-e5655ba5-7da8-49e9-96a0-f09d37d60268,08-10-2020 00:00:00,10915.69,Strategy Signal,,,EMA_Cross,EMA_Cross,25-01-2021 00:00:00,32366.39,Strategy Signal,21407.41,False,
UID001,BTCUSD,CRYPTO,SELL,1.0,1.0,1.0,BTCUSD.CRYPTO-EMACrossStrategy-000-8806b10d-3735-466d-a4b9-8daf2d9bbaa6,08-10-2022 00:00:00,19416.57,Strategy Signal,,,EMA_Cross,EMA_Cross,25-10-2022 00:00:00,20095.86,Strategy Signal,-718.81,False,
UID001,BTCUSD,CRYPTO,SELL,1.0,1.0,1.0,BTCUSD.CRYPTO-EMACrossStrategy-000-2194fc78-edf0-447e-bbd9-0b4fbe9d3ea2,09-01-2025 00:00:00,92484.04,Strategy Signal,,,EMA_Cross,EMA_Cross,15-01-2025 00:00:00,100504.49,Strategy Signal,-8213.43,False,
UID001,BTCUSD,CRYPTO,SELL,1.0,1.0,1.0,BTCUSD.CRYPTO-EMACrossStrategy-000-4d227609-15a4-4392-aac7-4f869f7879c3,09-03-2018 00:00:00,9337.55,Strategy Signal,,,EMA_Cross,EMA_Cross,16-04-2018 00:00:00,8058.67,Strategy Signal,1261.48,False,
UID001,BTCUSD,CRYPTO,BUY,1.0,1.0,1.0,BTCUSD.CRYPTO-EMACrossStrategy-000-c2c4fa73-7f98-4b32-b2b8-df3c2b9bb585,09-08-2025 00:00:00,116500.36,Strategy Signal,,,EMA_Cross,EMA_Cross,19-08-2025 00:00:00,112831.18,Strategy Signal,-3898.51,False,
UID001,BTCUSD,CRYPTO,SELL,1.0,1.0,1.0,BTCUSD.CRYPTO-EMACrossStrategy-000-06a595f6-a13f-4e97-9e57-f6c639f9948c,09-10-2024 00:00:00,60582.1,Strategy Signal,,,EMA_Cross,EMA_Cross,12-10-2024 00:00:00,63193.02,Strategy Signal,-2734.69,False,
UID001,BTCUSD,CRYPTO,SELL,1.0,1.0,1.0,BTCUSD.CRYPTO-EMACrossStrategy-000-5190f03c-4d65-4b25-a062-4e4ab3b50d30,09-11-2022 00:00:00,15880.78,Strategy Signal,,,EMA_Cross,EMA_Cross,11-12-2022 00:00:00,17104.19,Strategy Signal,-1256.39,False,
UID001,BTCUSD,CRYPTO,SELL,1.0,1.0,1.0,BTCUSD.CRYPTO-EMACrossStrategy-000-07f75c89-120b-48d8-adb9-85483664acdd,09-12-2014 00:00:00,352.22,Strategy Signal,,,EMA_Cross,EMA_Cross,17-02-2015 00:00:00,243.61,Strategy Signal,108.02,False,
UID001,BTCUSD,CRYPTO,SELL,1.0,1.0,1.0,BTCUSD.CRYPTO-EMACrossStrategy-000-a41cb1bd-2670-4e69-a97e-d14b70a99a32,10-04-2022 00:00:00,42207.67,Strategy Signal,,,EMA_Cross,EMA_Cross,19-07-2022 00:00:00,23389.43,Strategy Signal,18752.64,False,
UID001,BTCUSD,CRYPTO,SELL,1.0,1.0,1.0,BTCUSD.CRYPTO-EMACrossStrategy-000-47cec5ad-c937-479b-962b-5e7ebc57f178,10-07-2018 00:00:00,6329.95,Strategy Signal,,,EMA_Cross,EMA_Cross,17-07-2018 00:00:00,7321.04,Strategy Signal,-1004.74,False,
UID001,BTCUSD,CRYPTO,SELL,1.0,1.0,1.0,BTCUSD.CRYPTO-EMACrossStrategy-000-7f961343-13bd-4146-8082-24511e6a80a2,10-09-2019 00:00:00,10115.98,Strategy Signal,,,EMA_Cross,EMA_Cross,13-09-2019 00:00:00,10360.55,Strategy Signal,-265.05,False,
UID001,BTCUSD,CRYPTO,SELL,1.0,1.0,1.0,BTCUSD.CRYPTO-EMACrossStrategy-000-1a51c9f3-616d-41eb-9e51-5ffa059f1e61,10-09-2021 00:00:00,44883.91,Strategy Signal,,,EMA_Cross,EMA_Cross,03-10-2021 00:00:00,48199.95,Strategy Signal,-3409.12,False,
UID001,BTCUSD,CRYPTO,BUY,1.0,1.0,1.0,BTCUSD.CRYPTO-EMACrossStrategy-000-a1ee4126-29af-4915-b227-af5dc47c5f6e,10-10-2013 00:00:00,130.59,Strategy Signal,,,EMA_Cross,EMA_Cross,17-12-2013 00:00:00,682.12,Strategy Signal,550.72,False,
UID001,BTCUSD,CRYPTO,SELL,1.0,1.0,1.0,BTCUSD.CRYPTO-EMACrossStrategy-000-d99a29cc-cf58-499d-bd90-61746d5a21ff,11-01-2017 00:00:00,777.76,Strategy Signal,,,EMA_Cross,EMA_Cross,22-01-2017 00:00:00,924.67,Strategy Signal,-148.61,False,
UID001,BTCUSD,CRYPTO,SELL,1.0,1.0,1.0,BTCUSD.CRYPTO-EMACrossStrategy-000-4007a254-6802-4844-9aff-8310629510cb,11-01-2018 00:00:00,13405.8,Strategy Signal,,,EMA_Cross,EMA_Cross,18-02-2018 00:00:00,10551.8,Strategy Signal,2830.04,False,
UID001,BTCUSD,CRYPTO,SELL,1.0,1.0,1.0,BTCUSD.CRYPTO-EMACrossStrategy-000-60d077b5-b1d8-4f4e-9a8c-99b74410f4df,11-01-2019 00:00:00,3687.37,Strategy Signal,,,EMA_Cross,EMA_Cross,11-02-2019 00:00:00,3648.43,Strategy Signal,31.6,False,
UID001,BTCUSD,CRYPTO,BUY,1.0,1.0,1.0,BTCUSD.CRYPTO-EMACrossStrategy-000-4bf70159-b2ea-41f6-a3ab-88f456aa8a44,11-02-2019 00:00:00,3648.43,Strategy Signal,,,EMA_Cross,EMA_Cross,16-07-2019 00:00:00,9477.64,Strategy Signal,5816.08,False,
UID001,BTCUSD,CRYPTO,BUY,1.0,1.0,1.0,BTCUSD.CRYPTO-EMACrossStrategy-000-b06dc9ed-82c4-4abf-96ce-8ef84cce014c,11-03-2016 00:00:00,421.69,Strategy Signal,,,EMA_Cross,EMA_Cross,12-03-2016 00:00:00,411.62,Strategy Signal,-10.9,False,
UID001,BTCUSD,CRYPTO,BUY,1.0,1.0,1.0,BTCUSD.CRYPTO-EMACrossStrategy-000-ce3fa7ce-dfe2-4ae1-96e5-59f5986b907f,11-09-2025 00:00:00,115507.54,Strategy Signal,,,EMA_Cross,EMA_Cross,25-09-2025 00:00:00,109049.29,Strategy Signal,-6682.81,False,
UID001,BTCUSD,CRYPTO,SELL,1.0,1.0,1.0,BTCUSD.CRYPTO-EMACrossStrategy-000-be69fb24-7fa6-4341-87fd-326e5d547d14,11-10-2018 00:00:00,6256.24,Strategy Signal,,,EMA_Cross,EMA_Cross,24-12-2018 00:00:00,4078.6,Strategy Signal,2167.3,False,
UID001,BTCUSD,CRYPTO,BUY,1.0,1.0,1.0,BTCUSD.CRYPTO-EMACrossStrategy-000-418aa832-5ea5-433c-aed8-6545fa903f9e,11-12-2022 00:00:00,17104.19,Strategy Signal,,,EMA_Cross,EMA_Cross,18-12-2022 00:00:00,16757.98,Strategy Signal,-380.07,False,
UID001,BTCUSD,CRYPTO,BUY,1.0,1.0,1.0,BTCUSD.CRYPTO-EMACrossStrategy-000-1952c0ab-5831-4ef1-a43d-29702825418b,12-03-2014 00:00:00,632.1,Strategy Signal,,,EMA_Cross,EMA_Cross,18-03-2014 00:00:00,614.83,Strategy Signal,-18.51,False,
UID001,BTCUSD,CRYPTO,SELL,1.0,1.0,1.0,BTCUSD.CRYPTO-EMACrossStrategy-000-3038888d-b174-4a89-882c-2dbc59f78acf,12-03-2016 00:00:00,411.62,Strategy Signal,,,EMA_Cross,EMA_Cross,17-03-2016 00:00:00,420.62,Strategy Signal,-9.83,False,
UID001,BTCUSD,CRYPTO,SELL,1.0,1.0,1.0,BTCUSD.CRYPTO-EMACrossStrategy-000-09b9a4fd-fbe0-4365-b095-65b0ebc46096,12-05-2021 00:00:00,49150.53,Strategy Signal,,,EMA_Cross,EMA_Cross,25-07-2021 00:00:00,35350.19,Strategy Signal,13715.84,False,
UID001,BTCUSD,CRYPTO,BUY,1.0,1.0,1.0,BTCUSD.CRYPTO-EMACrossStrategy-000-cee02cf8-1137-4a41-a770-624190a97a96,12-09-2022 00:00:00,22370.45,Strategy Signal,,,EMA_Cross,EMA_Cross,14-09-2022 00:00:00,20241.09,Strategy Signal,-2171.97,False,
UID001,BTCUSD,CRYPTO,BUY,1.0,1.0,1.0,BTCUSD.CRYPTO-EMACrossStrategy-000-d292d09b-fce5-4b97-ad09-b767c09d966f,12-10-2024 00:00:00,63193.02,Strategy Signal,,,EMA_Cross,EMA_Cross,23-12-2024 00:00:00,94686.24,Strategy Signal,31335.34,False,
UID001,BTCUSD,CRYPTO,BUY,1.0,1.0,1.0,BTCUSD.CRYPTO-EMACrossStrategy-000-4a20f5f5-1f9b-4b66-82b2-bf50a553f399,12-11-2014 00:00:00,423.56,Strategy Signal,,,EMA_Cross,EMA_Cross,22-11-2014 00:00:00,352.92,Strategy Signal,-71.41,False,
UID001,BTCUSD,CRYPTO,SELL,1.0,1.0,1.0,BTCUSD.CRYPTO-EMACrossStrategy-000-7377f13b-a634-4781-a099-ee33a0e15ac3,13-02-2023 00:00:00,21808.1,Strategy Signal,,,EMA_Cross,EMA_Cross,15-02-2023 00:00:00,24307.84,Strategy Signal,-2545.86,False,
UID001,BTCUSD,CRYPTO,SELL,1.0,1.0,1.0,BTCUSD.CRYPTO-EMACrossStrategy-000-a7a29da6-fbfc-4ecc-a8d3-64f5b1112ee4,13-04-2024 00:00:00,63821.47,Strategy Signal,,,EMA_Cross,EMA_Cross,16-05-2024 00:00:00,65231.58,Strategy Signal,-1539.16,False,
UID001,BTCUSD,CRYPTO,SELL,1.0,1.0,1.0,BTCUSD.CRYPTO-EMACrossStrategy-000-716babd2-6193-4c4e-997a-249e122c2312,13-05-2018 00:00:00,8723.94,Strategy Signal,,,EMA_Cross,EMA_Cross,08-07-2018 00:00:00,6773.88,Strategy Signal,1934.57,False,
UID001,BTCUSD,CRYPTO,SELL,1.0,1.0,1.0,BTCUSD.CRYPTO-EMACrossStrategy-000-7e40d1bb-673d-4a0e-9e4f-961959ce2bd6,13-09-2017 00:00:00,3882.59,Strategy Signal,,,EMA_Cross,EMA_Cross,29-09-2017 00:00:00,4163.07,Strategy Signal,-288.52,False,
UID001,BTCUSD,CRYPTO,BUY,1.0,1.0,1.0,BTCUSD.CRYPTO-EMACrossStrategy-000-3d31e198-41d7-43d9-929c-ad378ab39e5d,13-09-2019 00:00:00,10360.55,Strategy Signal,,,EMA_Cross,EMA_Cross,17-09-2019 00:00:00,10241.27,Strategy Signal,-139.88,False,
UID001,BTCUSD,CRYPTO,SELL,1.0,1.0,1.0,BTCUSD.CRYPTO-EMACrossStrategy-000-769e604c-757c-4d50-926d-417a963ac6e2,14-06-2024 00:00:00,66011.09,Strategy Signal,,,EMA_Cross,EMA_Cross,16-07-2024 00:00:00,65097.15,Strategy Signal,782.83,False,
UID001,BTCUSD,CRYPTO,SELL,1.0,1.0,1.0,BTCUSD.CRYPTO-EMACrossStrategy-000-948a6e09-9e8c-45b2-a029-ed2ee8748b17,14-09-2022 00:00:00,20241.09,Strategy Signal,,,EMA_Cross,EMA_Cross,06-10-2022 00:00:00,19955.44,Strategy Signal,245.45,False,
UID001,BTCUSD,CRYPTO,SELL,1.0,1.0,1.0,BTCUSD.CRYPTO-EMACrossStrategy-000-722365bd-ef67-4501-b77c-a2dab6faaffb,14-10-2025 00:00:00,113118.67,Strategy Signal,,,EMA_Cross,EMA_Cross,03-01-2026 00:00:00,90603.19,Strategy Signal,22311.76,False,
UID001,BTCUSD,CRYPTO,SELL,1.0,1.0,1.0,BTCUSD.CRYPTO-EMACrossStrategy-000-16342808-9b1d-4ffe-8b83-3cefa967085c,14-11-2019 00:00:00,8708.1,Strategy Signal,,,EMA_Cross,EMA_Cross,05-01-2020 00:00:00,7411.32,Strategy Signal,1280.66,False,
UID001,BTCUSD,CRYPTO,SELL,1.0,1.0,1.0,BTCUSD.CRYPTO-EMACrossStrategy-000-66c50f24-cb6f-4dc4-b8c0-cbbb60d3430c,15-01-2016 00:00:00,364.33,Strategy Signal,,,EMA_Cross,EMA_Cross,15-02-2016 00:00:00,400.18,Strategy Signal,-36.61,False,
UID001,BTCUSD,CRYPTO,SELL,1.0,1.0,1.0,BTCUSD.CRYPTO-EMACrossStrategy-000-2a801c2d-f4b5-49d4-857e-afa35ffa0845,15-01-2024 00:00:00,42511.97,Strategy Signal,,,EMA_Cross,EMA_Cross,01-02-2024 00:00:00,43075.77,Strategy Signal,-649.39,False,
UID001,BTCUSD,CRYPTO,BUY,1.0,1.0,1.0,BTCUSD.CRYPTO-EMACrossStrategy-000-6e8b0bfc-a233-4848-8cbb-5bcd4b5fb4da,15-01-2025 00:00:00,100504.49,Strategy Signal,,,EMA_Cross,EMA_Cross,04-02-2025 00:00:00,97871.82,Strategy Signal,-2831.04,False,
UID001,BTCUSD,CRYPTO,BUY,1.0,1.0,1.0,BTCUSD.CRYPTO-EMACrossStrategy-000-5131dd2a-1523-44a7-b614-3167491e2b8a,15-02-2016 00:00:00,400.18,Strategy Signal,,,EMA_Cross,EMA_Cross,08-03-2016 00:00:00,413.97,Strategy Signal,12.98,False,
UID001,BTCUSD,CRYPTO,BUY,1.0,1.0,1.0,BTCUSD.CRYPTO-EMACrossStrategy-000-32da8290-075e-411c-b898-a7957eeb5c1e,15-02-2023 00:00:00,24307.84,Strategy Signal,,,EMA_Cross,EMA_Cross,03-03-2023 00:00:00,22362.68,Strategy Signal,-1991.83,False,
UID001,BTCUSD,CRYPTO,BUY,1.0,1.0,1.0,BTCUSD.CRYPTO-EMACrossStrategy-000-f4ccb720-6376-46da-a6d8-9c3c452e8120,15-03-2023 00:00:00,24375.96,Strategy Signal,,,EMA_Cross,EMA_Cross,23-04-2023 00:00:00,27591.38,Strategy Signal,3163.45,False,
UID001,BTCUSD,CRYPTO,BUY,1.0,1.0,1.0,BTCUSD.CRYPTO-EMACrossStrategy-000-f1b487d0-554a-4e3f-8ccd-0279fa071da8,15-06-2015 00:00:00,236.82,Strategy Signal,,,EMA_Cross,EMA_Cross,08-08-2015 00:00:00,261.0,Strategy Signal,23.68,False,
UID001,BTCUSD,CRYPTO,BUY,1.0,1.0,1.0,BTCUSD.CRYPTO-EMACrossStrategy-000-d6708885-0fa3-4cd3-8a04-d2a1ece37311,16-04-2018 00:00:00,8058.67,Strategy Signal,,,EMA_Cross,EMA_Cross,13-05-2018 00:00:00,8723.94,Strategy Signal,648.49,False,
UID001,BTCUSD,CRYPTO,BUY,1.0,1.0,1.0,BTCUSD.CRYPTO-EMACrossStrategy-000-a7f596f2-2f4c-477a-95f0-ef5d1cd7d237,16-04-2025 00:00:00,84033.87,Strategy Signal,,,EMA_Cross,EMA_Cross,18-06-2025 00:00:00,104883.33,Strategy Signal,20660.55,False,
UID001,BTCUSD,CRYPTO,BUY,1.0,1.0,1.0,BTCUSD.CRYPTO-EMACrossStrategy-000-67d31378-9e9b-468c-9434-b505fd344016,16-05-2024 00:00:00,65231.58,Strategy Signal,,,EMA_Cross,EMA_Cross,14-06-2024 00:00:00,66011.09,Strategy Signal,648.27,False,
UID001,BTCUSD,CRYPTO,BUY,1.0,1.0,1.0,BTCUSD.CRYPTO-EMACrossStrategy-000-4b00eafb-b4a2-4944-9ebf-4c4c2576337f,16-07-2013 00:00:00,97.45,Strategy Signal,,,EMA_Cross,EMA_Cross,02-10-2013 00:00:00,114.13,Strategy Signal,16.47,False,
UID001,BTCUSD,CRYPTO,SELL,1.0,1.0,1.0,BTCUSD.CRYPTO-EMACrossStrategy-000-3e619cdf-0beb-40d5-abc3-8e1db7a838c3,16-07-2019 00:00:00,9477.64,Strategy Signal,,,EMA_Cross,EMA_Cross,04-08-2019 00:00:00,10970.18,Strategy Signal,-1512.99,False,
UID001,BTCUSD,CRYPTO,BUY,1.0,1.0,1.0,BTCUSD.CRYPTO-EMACrossStrategy-000-344fcfba-10c6-468c-8ad3-f22e0a772d2a,16-07-2024 00:00:00,65097.15,Strategy Signal,,,EMA_Cross,EMA_Cross,03-08-2024 00:00:00,60680.09,Strategy Signal,-4542.84,False,
UID001,BTCUSD,CRYPTO,SELL,1.0,1.0,1.0,BTCUSD.CRYPTO-EMACrossStrategy-000-3d420ed2-31af-47d1-9dfb-a0ef943a3c67,16-08-2019 00:00:00,10374.34,Strategy Signal,,,EMA_Cross,EMA_Cross,07-09-2019 00:00:00,10517.25,Strategy Signal,-163.8,False,
UID001,BTCUSD,CRYPTO,BUY,1.0,1.0,1.0,BTCUSD.CRYPTO-EMACrossStrategy-000-1bc1b730-0e02-43c7-b4b0-a9d73c9fb779,17-02-2015 00:00:00,243.61,Strategy Signal,,,EMA_Cross,EMA_Cross,22-03-2015 00:00:00,267.96,Strategy Signal,23.84,False,
UID001,BTCUSD,CRYPTO,BUY,1.0,1.0,1.0,BTCUSD.CRYPTO-EMACrossStrategy-000-b88bc28b-f78a-481e-849e-c39b9f3a06cf,17-03-2016 00:00:00,420.62,Strategy Signal,,,EMA_Cross,EMA_Cross,18-03-2016 00:00:00,409.55,Strategy Signal,-11.9,False,
UID001,BTCUSD,CRYPTO,BUY,1.0,1.0,1.0,BTCUSD.CRYPTO-EMACrossStrategy-000-1e575525-3eab-4496-8d08-793b8be75edd,17-07-2018 00:00:00,7321.04,Strategy Signal,,,EMA_Cross,EMA_Cross,06-08-2018 00:00:00,6951.8,Strategy Signal,-383.51,False,
UID001,BTCUSD,CRYPTO,SELL,1.0,1.0,1.0,BTCUSD.CRYPTO-EMACrossStrategy-000-b9c2953d-cead-4e8b-be06-ad3b06d16a96,17-09-2019 00:00:00,10241.27,Strategy Signal,,,EMA_Cross,EMA_Cross,27-10-2019 00:00:00,9551.71,Strategy Signal,669.77,False,
UID001,BTCUSD,CRYPTO,BUY,1.0,1.0,1.0,BTCUSD.CRYPTO-EMACrossStrategy-000-0faa52e3-8d76-4dc0-834e-3db0565c3de1,17-09-2024 00:00:00,60308.54,Strategy Signal,,,EMA_Cross,EMA_Cross,09-10-2024 00:00:00,60582.1,Strategy Signal,152.67,False,
UID001,BTCUSD,CRYPTO,SELL,1.0,1.0,1.0,BTCUSD.CRYPTO-EMACrossStrategy-000-09d3dd50-b6b4-4199-a9d5-eb37158628ee,17-12-2013 00:00:00,682.12,Strategy Signal,,,EMA_Cross,EMA_Cross,02-01-2014 00:00:00,802.39,Strategy Signal,-121.75,False,
UID001,BTCUSD,CRYPTO,BUY,1.0,1.0,1.0,BTCUSD.CRYPTO-EMACrossStrategy-000-d0335ff1-f43c-4432-a7d5-9ea5b085097d,18-02-2018 00:00:00,10551.8,Strategy Signal,,,EMA_Cross,EMA_Cross,09-03-2018 00:00:00,9337.55,Strategy Signal,-1234.14,False,
UID001,BTCUSD,CRYPTO,SELL,1.0,1.0,1.0,BTCUSD.CRYPTO-EMACrossStrategy-000-43e5aaf3-7df0-4935-9620-c414210ee3ac,18-03-2014 00:00:00,614.83,Strategy Signal,,,EMA_Cross,EMA_Cross,20-04-2014 00:00:00,498.17,Strategy Signal,115.55,False,
UID001,BTCUSD,CRYPTO,SELL,1.0,1.0,1.0,BTCUSD.CRYPTO-EMACrossStrategy-000-f5e4073e-80b0-443f-be5a-c231ab9f6de6,18-03-2016 00:00:00,409.55,Strategy Signal,,,EMA_Cross,EMA_Cross,25-03-2016 00:00:00,417.18,Strategy Signal,-8.46,False,
UID001,BTCUSD,CRYPTO,SELL,1.0,1.0,1.0,BTCUSD.CRYPTO-EMACrossStrategy-000-170aa67b-a5f9-416e-8738-b067d17ce697,18-03-2017 00:00:00,973.82,Strategy Signal,,,EMA_Cross,EMA_Cross,04-04-2017 00:00:00,1133.25,Strategy Signal,-161.53,False,
UID001,BTCUSD,CRYPTO,BUY,1.0,1.0,1.0,BTCUSD.CRYPTO-EMACrossStrategy-000-225b6bec-0603-4a1c-8705-3daccf2614c5,18-03-2022 00:00:00,41801.15,Strategy Signal,,,EMA_Cross,EMA_Cross,10-04-2022 00:00:00,42207.67,Strategy Signal,322.51,False,
UID001,BTCUSD,CRYPTO,SELL,1.0,1.0,1.0,BTCUSD.CRYPTO-EMACrossStrategy-000-64734994-25ab-437c-af7e-8e22daba88be,18-06-2025 00:00:00,104883.33,Strategy Signal,,,EMA_Cross,EMA_Cross,26-06-2025 00:00:00,106960.0,Strategy Signal,-2288.51,False,
UID001,BTCUSD,CRYPTO,BUY,1.0,1.0,1.0,BTCUSD.CRYPTO-EMACrossStrategy-000-746f884c-4a2c-42bb-9ffb-8f9eed7ef93d,18-09-2023 00:00:00,26754.28,Strategy Signal,,,EMA_Cross,EMA_Cross,26-09-2023 00:00:00,26217.25,Strategy Signal,-590.0,False,
UID001,BTCUSD,CRYPTO,SELL,1.0,1.0,1.0,BTCUSD.CRYPTO-EMACrossStrategy-000-7c9437b4-6bd0-481d-acdc-299537ce8ef6,18-11-2021 00:00:00,56942.14,Strategy Signal,,,EMA_Cross,EMA_Cross,07-02-2022 00:00:00,43840.29,Strategy Signal,13001.07,False,
UID001,BTCUSD,CRYPTO,SELL,1.0,1.0,1.0,BTCUSD.CRYPTO-EMACrossStrategy-000-3f8c73fa-ff2a-46b3-b6d7-10b04747d6ab,18-12-2022 00:00:00,16757.98,Strategy Signal,,,EMA_Cross,EMA_Cross,08-01-2023 00:00:00,17091.14,Strategy Signal,-367.01,False,
UID001,BTCUSD,CRYPTO,SELL,1.0,1.0,1.0,BTCUSD.CRYPTO-EMACrossStrategy-000-da345c08-83dd-4140-9830-cedea058b615,19-05-2015 00:00:00,231.95,Strategy Signal,,,EMA_Cross,EMA_Cross,22-05-2015 00:00:00,240.35,Strategy Signal,-8.87,False,
UID001,BTCUSD,CRYPTO,SELL,1.0,1.0,1.0,BTCUSD.CRYPTO-EMACrossStrategy-000-00dcb800-553e-4c2e-8662-a89f4691a4c2,19-06-2020 00:00:00,9288.02,Strategy Signal,,,EMA_Cross,EMA_Cross,23-06-2020 00:00:00,9629.66,Strategy Signal,-360.56,False,
UID001,BTCUSD,CRYPTO,BUY,1.0,1.0,1.0,BTCUSD.CRYPTO-EMACrossStrategy-000-497569c0-65ad-4949-bb13-c94c12c3aa88,19-07-2022 00:00:00,23389.43,Strategy Signal,,,EMA_Cross,EMA_Cross,19-08-2022 00:00:00,20877.55,Strategy Signal,-2556.15,False,
UID001,BTCUSD,CRYPTO,SELL,1.0,1.0,1.0,BTCUSD.CRYPTO-EMACrossStrategy-000-1077a353-830a-4159-bab0-e52008c2dc80,19-08-2022 00:00:00,20877.55,Strategy Signal,,,EMA_Cross,EMA_Cross,12-09-2022 00:00:00,22370.45,Strategy Signal,-1536.15,False,
UID001,BTCUSD,CRYPTO,SELL,1.0,1.0,1.0,BTCUSD.CRYPTO-EMACrossStrategy-000-3f63223c-35db-4415-a896-eb100e98c1fd,19-08-2025 00:00:00,112831.18,Strategy Signal,,,EMA_Cross,EMA_Cross,11-09-2025 00:00:00,115507.54,Strategy Signal,-2904.7,False,
UID001,BTCUSD,CRYPTO,SELL,1.0,1.0,1.0,BTCUSD.CRYPTO-EMACrossStrategy-000-10dc1c31-fed5-421c-9337-65321a583ec7,20-02-2022 00:00:00,38431.38,Strategy Signal,,,EMA_Cross,EMA_Cross,01-03-2022 00:00:00,44354.64,Strategy Signal,-6006.04,False,
UID001,BTCUSD,CRYPTO,BUY,1.0,1.0,1.0,BTCUSD.CRYPTO-EMACrossStrategy-000-977823d7-3c43-4c57-bdd2-124b318750dd,20-04-2014 00:00:00,498.17,Strategy Signal,,,EMA_Cross,EMA_Cross,26-04-2014 00:00:00,458.6,Strategy Signal,-40.53,False,
UID001,BTCUSD,CRYPTO,BUY,1.0,1.0,1.0,BTCUSD.CRYPTO-EMACrossStrategy-000-b51f3a51-9e46-4a42-9fb3-9dafb3300ea6,20-05-2014 00:00:00,485.72,Strategy Signal,,,EMA_Cross,EMA_Cross,24-06-2014 00:00:00,582.36,Strategy Signal,95.57,False,
UID001,BTCUSD,CRYPTO,SELL,1.0,1.0,1.0,BTCUSD.CRYPTO-EMACrossStrategy-000-9fc5917c-5473-47c3-aa58-19991cb6adea,20-05-2016 00:00:00,442.68,Strategy Signal,,,EMA_Cross,EMA_Cross,27-05-2016 00:00:00,473.46,Strategy Signal,-31.69,False,
UID001,BTCUSD,CRYPTO,BUY,1.0,1.0,1.0,BTCUSD.CRYPTO-EMACrossStrategy-000-43543c37-e2eb-494f-b021-c85e25fdbd7d,20-06-2023 00:00:00,28327.49,Strategy Signal,,,EMA_Cross,EMA_Cross,22-07-2023 00:00:00,29771.8,Strategy Signal,1386.21,False,
UID001,BTCUSD,CRYPTO,SELL,1.0,1.0,1.0,BTCUSD.CRYPTO-EMACrossStrategy-000-104072d0-ef3e-4b1d-91e9-336e8c42eb9e,20-11-2015 00:00:00,322.02,Strategy Signal,,,EMA_Cross,EMA_Cross,26-11-2015 00:00:00,352.68,Strategy Signal,-31.33,False,
UID001,BTCUSD,CRYPTO,SELL,1.0,1.0,1.0,BTCUSD.CRYPTO-EMACrossStrategy-000-af22fc75-8981-4593-bcaf-2bad102f394e,21-04-2021 00:00:00,53906.09,Strategy Signal,,,EMA_Cross,EMA_Cross,07-05-2021 00:00:00,57356.4,Strategy Signal,-3561.58,False,
UID001,BTCUSD,CRYPTO,BUY,1.0,1.0,1.0,BTCUSD.CRYPTO-EMACrossStrategy-000-706827da-2453-405f-a6b9-001876dd7548,21-05-2013 00:00:00,122.88,Strategy Signal,,,EMA_Cross,EMA_Cross,07-06-2013 00:00:00,111.5,Strategy Signal,-11.61,False,
UID001,BTCUSD,CRYPTO,BUY,1.0,1.0,1.0,BTCUSD.CRYPTO-EMACrossStrategy-000-f3c3934b-75c8-4320-a908-ee4d5ad71e20,21-07-2017 00:00:00,2667.76,Strategy Signal,,,EMA_Cross,EMA_Cross,13-09-2017 00:00:00,3882.59,Strategy Signal,1208.28,False,
UID001,BTCUSD,CRYPTO,BUY,1.0,1.0,1.0,BTCUSD.CRYPTO-EMACrossStrategy-000-1c38b6d8-f79b-48b4-be0d-3a75a0b2183b,21-10-2014 00:00:00,386.48,Strategy Signal,,,EMA_Cross,EMA_Cross,23-10-2014 00:00:00,358.42,Strategy Signal,-28.81,False,
UID001,BTCUSD,CRYPTO,BUY,1.0,1.0,1.0,BTCUSD.CRYPTO-EMACrossStrategy-000-4cdec777-c86d-4bce-8157-4b4963d2c1a6,22-01-2017 00:00:00,924.67,Strategy Signal,,,EMA_Cross,EMA_Cross,18-03-2017 00:00:00,973.82,Strategy Signal,47.26,False,
UID001,BTCUSD,CRYPTO,SELL,1.0,1.0,1.0,BTCUSD.CRYPTO-EMACrossStrategy-000,22-01-2026 00:00:00,89462.45,Strategy Signal,,,EMA_Cross,EMA_Cross,10-03-2026 00:00:00,69926.92,Strategy Signal,19376.14,False,
UID001,BTCUSD,CRYPTO,SELL,1.0,1.0,1.0,BTCUSD.CRYPTO-EMACrossStrategy-000-5d382f46-a8ff-42b3-82fe-5480d36ec7b1,22-03-2015 00:00:00,267.96,Strategy Signal,,,EMA_Cross,EMA_Cross,04-05-2015 00:00:00,239.02,Strategy Signal,28.43,False,
UID001,BTCUSD,CRYPTO,BUY,1.0,1.0,1.0,BTCUSD.CRYPTO-EMACrossStrategy-000-81f045a0-9159-41e6-87f9-08f5e82fb1fd,22-05-2015 00:00:00,240.35,Strategy Signal,,,EMA_Cross,EMA_Cross,30-05-2015 00:00:00,233.35,Strategy Signal,-7.47,False,
UID001,BTCUSD,CRYPTO,BUY,1.0,1.0,1.0,BTCUSD.CRYPTO-EMACrossStrategy-000-f5f62074-e077-4d90-82a0-3f4837f081f9,22-07-2020 00:00:00,9525.36,Strategy Signal,,,EMA_Cross,EMA_Cross,03-09-2020 00:00:00,10245.3,Strategy Signal,700.16,False,
UID001,BTCUSD,CRYPTO,SELL,1.0,1.0,1.0,BTCUSD.CRYPTO-EMACrossStrategy-000-52ff4266-da55-4663-bd28-f5a93c57fdcf,22-07-2023 00:00:00,29771.8,Strategy Signal,,,EMA_Cross,EMA_Cross,18-09-2023 00:00:00,26754.28,Strategy Signal,2961.0,False,
UID001,BTCUSD,CRYPTO,SELL,1.0,1.0,1.0,BTCUSD.CRYPTO-EMACrossStrategy-000-c9946230-c7f3-4810-88f7-860f8036629f,22-11-2014 00:00:00,352.92,Strategy Signal,,,EMA_Cross,EMA_Cross,24-11-2014 00:00:00,376.9,Strategy Signal,-24.71,False,
UID001,BTCUSD,CRYPTO,SELL,1.0,1.0,1.0,BTCUSD.CRYPTO-EMACrossStrategy-000-b6eb5f31-83fa-4fff-8ba2-e72c7ac5745a,23-04-2023 00:00:00,27591.38,Strategy Signal,,,EMA_Cross,EMA_Cross,28-04-2023 00:00:00,29340.26,Strategy Signal,-1805.81,False,
UID001,BTCUSD,CRYPTO,BUY,1.0,1.0,1.0,BTCUSD.CRYPTO-EMACrossStrategy-000-f0f2f9b7-301d-41ad-865c-dc6d3cb83b67,23-06-2020 00:00:00,9629.66,Strategy Signal,,,EMA_Cross,EMA_Cross,24-06-2020 00:00:00,9313.61,Strategy Signal,-334.99,False,
UID001,BTCUSD,CRYPTO,BUY,1.0,1.0,1.0,BTCUSD.CRYPTO-EMACrossStrategy-000-6c722eb8-0aca-4e38-ad80-d8f82ee362bb,23-08-2024 00:00:00,64094.36,Strategy Signal,,,EMA_Cross,EMA_Cross,29-08-2024 00:00:00,59388.18,Strategy Signal,-4829.66,False,
UID001,BTCUSD,CRYPTO,SELL,1.0,1.0,1.0,BTCUSD.CRYPTO-EMACrossStrategy-000-155b871c-a8ba-49e2-9bb2-d1e8f8a5cd42,23-10-2014 00:00:00,358.42,Strategy Signal,,,EMA_Cross,EMA_Cross,12-11-2014 00:00:00,423.56,Strategy Signal,-65.92,False,
UID001,BTCUSD,CRYPTO,SELL,1.0,1.0,1.0,BTCUSD.CRYPTO-EMACrossStrategy-000-5b304bdf-49ec-4576-8ebc-76208d62b07f,23-12-2024 00:00:00,94686.24,Strategy Signal,,,EMA_Cross,EMA_Cross,25-12-2024 00:00:00,99299.19,Strategy Signal,-4806.94,False,
UID001,BTCUSD,CRYPTO,SELL,1.0,1.0,1.0,BTCUSD.CRYPTO-EMACrossStrategy-000-564c2ace-71a9-4c14-b347-da151a6d8543,24-06-2014 00:00:00,582.36,Strategy Signal,,,EMA_Cross,EMA_Cross,30-06-2014 00:00:00,639.8,Strategy Signal,-58.66,False,
UID001,BTCUSD,CRYPTO,SELL,1.0,1.0,1.0,BTCUSD.CRYPTO-EMACrossStrategy-000-0600fdff-6fe1-4ed3-b00a-8af29d62e608,24-06-2020 00:00:00,9313.61,Strategy Signal,,,EMA_Cross,EMA_Cross,22-07-2020 00:00:00,9525.36,Strategy Signal,-230.59,False,
UID001,BTCUSD,CRYPTO,SELL,1.0,1.0,1.0,BTCUSD.CRYPTO-EMACrossStrategy-000-0afce603-9060-4016-98d0-a5fa9f3bc11a,24-07-2014 00:00:00,601.73,Strategy Signal,,,EMA_Cross,EMA_Cross,21-10-2014 00:00:00,386.48,Strategy Signal,214.26,False,
UID001,BTCUSD,CRYPTO,BUY,1.0,1.0,1.0,BTCUSD.CRYPTO-EMACrossStrategy-000-59a0b00b-7c08-414b-a146-38fd44ca7901,24-11-2014 00:00:00,376.9,Strategy Signal,,,EMA_Cross,EMA_Cross,09-12-2014 00:00:00,352.22,Strategy Signal,-25.41,False,
UID001,BTCUSD,CRYPTO,BUY,1.0,1.0,1.0,BTCUSD.CRYPTO-EMACrossStrategy-000-e83ca092-be2c-4154-9a51-ebd779286a1a,24-12-2018 00:00:00,4078.6,Strategy Signal,,,EMA_Cross,EMA_Cross,27-12-2018 00:00:00,3654.83,Strategy Signal,-431.5,False,
UID001,BTCUSD,CRYPTO,SELL,1.0,1.0,1.0,BTCUSD.CRYPTO-EMACrossStrategy-000-4ce3c5e1-242b-4d40-be26-145e21ea419e,25-01-2021 00:00:00,32366.39,Strategy Signal,,,EMA_Cross,EMA_Cross,02-02-2021 00:00:00,35510.29,Strategy Signal,-3211.78,False,
UID001,BTCUSD,CRYPTO,BUY,1.0,1.0,1.0,BTCUSD.CRYPTO-EMACrossStrategy-000-af16a9e7-d1c2-44c8-be9e-eaf756ee9b01,25-03-2016 00:00:00,417.18,Strategy Signal,,,EMA_Cross,EMA_Cross,20-05-2016 00:00:00,442.68,Strategy Signal,24.64,False,
UID001,BTCUSD,CRYPTO,SELL,1.0,1.0,1.0,BTCUSD.CRYPTO-EMACrossStrategy-000-faec9926-82b2-4029-85ed-f64f8b785ff0,25-07-2016 00:00:00,654.1,Strategy Signal,,,EMA_Cross,EMA_Cross,04-09-2016 00:00:00,608.63,Strategy Signal,44.21,False,
UID001,BTCUSD,CRYPTO,BUY,1.0,1.0,1.0,BTCUSD.CRYPTO-EMACrossStrategy-000-7b531ef0-5b3e-440a-baa9-277b2e69e178,25-07-2021 00:00:00,35350.19,Strategy Signal,,,EMA_Cross,EMA_Cross,10-09-2021 00:00:00,44883.91,Strategy Signal,9453.49,False,
UID001,BTCUSD,CRYPTO,SELL,1.0,1.0,1.0,BTCUSD.CRYPTO-EMACrossStrategy-000-80c748db-8bd2-4ef2-a1cd-4fc8f1782933,25-09-2025 00:00:00,109049.29,Strategy Signal,,,EMA_Cross,EMA_Cross,01-10-2025 00:00:00,118648.93,Strategy Signal,-9827.34,False,
UID001,BTCUSD,CRYPTO,BUY,1.0,1.0,1.0,BTCUSD.CRYPTO-EMACrossStrategy-000-545ecbcd-13c1-453a-b49b-5ac32dbabc27,25-10-2022 00:00:00,20095.86,Strategy Signal,,,EMA_Cross,EMA_Cross,09-11-2022 00:00:00,15880.78,Strategy Signal,-4251.06,False,
UID001,BTCUSD,CRYPTO,BUY,1.0,1.0,1.0,BTCUSD.CRYPTO-EMACrossStrategy-000-817c3ee9-a6b2-4134-998f-ba2503d5478d,25-12-2024 00:00:00,99299.19,Strategy Signal,,,EMA_Cross,EMA_Cross,26-12-2024 00:00:00,95795.52,Strategy Signal,-3698.77,False,
UID001,BTCUSD,CRYPTO,SELL,1.0,1.0,1.0,BTCUSD.CRYPTO-EMACrossStrategy-000-87829ee6-7168-49fa-9a58-829801045e21,26-02-2020 00:00:00,8820.52,Strategy Signal,,,EMA_Cross,EMA_Cross,06-04-2020 00:00:00,7271.78,Strategy Signal,1532.65,False,
UID001,BTCUSD,CRYPTO,SELL,1.0,1.0,1.0,BTCUSD.CRYPTO-EMACrossStrategy-000-ee5bd462-b675-469f-bdd3-9fd4eb5de960,26-04-2014 00:00:00,458.6,Strategy Signal,,,EMA_Cross,EMA_Cross,20-05-2014 00:00:00,485.72,Strategy Signal,-28.07,False,
UID001,BTCUSD,CRYPTO,BUY,1.0,1.0,1.0,BTCUSD.CRYPTO-EMACrossStrategy-000-cbcc3590-5b90-4d98-acef-ed7bba6d907d,26-06-2025 00:00:00,106960.0,Strategy Signal,,,EMA_Cross,EMA_Cross,02-08-2025 00:00:00,112526.91,Strategy Signal,5347.42,False,
UID001,BTCUSD,CRYPTO,SELL,1.0,1.0,1.0,BTCUSD.CRYPTO-EMACrossStrategy-000-bce1c28d-a713-490e-9c22-8f2af9e70109,26-09-2023 00:00:00,26217.25,Strategy Signal,,,EMA_Cross,EMA_Cross,28-09-2023 00:00:00,27021.55,Strategy Signal,-857.54,False,
UID001,BTCUSD,CRYPTO,BUY,1.0,1.0,1.0,BTCUSD.CRYPTO-EMACrossStrategy-000-00e728d8-91b2-41b4-8fbf-a190e1cf5efc,26-11-2015 00:00:00,352.68,Strategy Signal,,,EMA_Cross,EMA_Cross,15-01-2016 00:00:00,364.33,Strategy Signal,10.94,False,
UID001,BTCUSD,CRYPTO,SELL,1.0,1.0,1.0,BTCUSD.CRYPTO-EMACrossStrategy-000-0ea77847-536e-4846-b916-634725f146b3,26-12-2024 00:00:00,95795.52,Strategy Signal,,,EMA_Cross,EMA_Cross,06-01-2025 00:00:00,102078.09,Strategy Signal,-6480.45,False,
UID001,BTCUSD,CRYPTO,SELL,1.0,1.0,1.0,BTCUSD.CRYPTO-EMACrossStrategy-000-ffb36e26-f737-4f5a-872b-8a105ed962cc,27-01-2014 00:00:00,771.39,Strategy Signal,,,EMA_Cross,EMA_Cross,12-03-2014 00:00:00,632.1,Strategy Signal,137.89,False,
UID001,BTCUSD,CRYPTO,BUY,1.0,1.0,1.0,BTCUSD.CRYPTO-EMACrossStrategy-000-5370e768-0116-4803-9083-517b043c4879,27-03-2025 00:00:00,87177.1,Strategy Signal,,,EMA_Cross,EMA_Cross,28-03-2025 00:00:00,84353.15,Strategy Signal,-2995.48,False,
UID001,BTCUSD,CRYPTO,BUY,1.0,1.0,1.0,BTCUSD.CRYPTO-EMACrossStrategy-000-6aefb611-75cc-4589-af1b-5bcecabbc741,27-05-2016 00:00:00,473.46,Strategy Signal,,,EMA_Cross,EMA_Cross,25-07-2016 00:00:00,654.1,Strategy Signal,179.52,False,
UID001,BTCUSD,CRYPTO,BUY,1.0,1.0,1.0,BTCUSD.CRYPTO-EMACrossStrategy-000-d5571672-6797-453e-81cf-55134d172d6b,27-10-2019 00:00:00,9551.71,Strategy Signal,,,EMA_Cross,EMA_Cross,14-11-2019 00:00:00,8708.1,Strategy Signal,-861.87,False,
UID001,BTCUSD,CRYPTO,SELL,1.0,1.0,1.0,BTCUSD.CRYPTO-EMACrossStrategy-000-7931eab9-9b0b-4b3b-8326-7342a0759d72,27-12-2018 00:00:00,3654.83,Strategy Signal,,,EMA_Cross,EMA_Cross,28-12-2018 00:00:00,3923.92,Strategy Signal,-276.66,False,
UID001,BTCUSD,CRYPTO,SELL,1.0,1.0,1.0,BTCUSD.CRYPTO-EMACrossStrategy-000-7a8e5b0e-9c39-4c52-81db-0ba72f660ac2,28-03-2025 00:00:00,84353.15,Strategy Signal,,,EMA_Cross,EMA_Cross,16-04-2025 00:00:00,84033.87,Strategy Signal,150.9,False,
UID001,BTCUSD,CRYPTO,BUY,1.0,1.0,1.0,BTCUSD.CRYPTO-EMACrossStrategy-000-38066bf6-7337-48c9-90ff-0d6cc469f0bf,28-04-2023 00:00:00,29340.26,Strategy Signal,,,EMA_Cross,EMA_Cross,08-05-2023 00:00:00,27694.27,Strategy Signal,-1703.02,False,
UID001,BTCUSD,CRYPTO,BUY,1.0,1.0,1.0,BTCUSD.CRYPTO-EMACrossStrategy-000-196f5811-e443-47e4-bdaf-f760215b8694,28-08-2018 00:00:00,7096.28,Strategy Signal,,,EMA_Cross,EMA_Cross,08-09-2018 00:00:00,6225.98,Strategy Signal,-883.63,False,
UID001,BTCUSD,CRYPTO,BUY,1.0,1.0,1.0,BTCUSD.CRYPTO-EMACrossStrategy-000-0633d1e6-8e4e-453f-a2f0-516ff5adeef3,28-09-2015 00:00:00,239.14,Strategy Signal,,,EMA_Cross,EMA_Cross,20-11-2015 00:00:00,322.02,Strategy Signal,82.32,False,
UID001,BTCUSD,CRYPTO,BUY,1.0,1.0,1.0,BTCUSD.CRYPTO-EMACrossStrategy-000-a6b31c81-7662-435a-b7c5-8d4430ed5a6d,28-09-2018 00:00:00,6644.13,Strategy Signal,,,EMA_Cross,EMA_Cross,03-10-2018 00:00:00,6502.59,Strategy Signal,-154.68,False,
UID001,BTCUSD,CRYPTO,BUY,1.0,1.0,1.0,BTCUSD.CRYPTO-EMACrossStrategy-000-54501538-4115-4655-b567-af80db29dc98,28-09-2023 00:00:00,27021.55,Strategy Signal,,,EMA_Cross,EMA_Cross,15-01-2024 00:00:00,42511.97,Strategy Signal,15420.89,False,
UID001,BTCUSD,CRYPTO,BUY,1.0,1.0,1.0,BTCUSD.CRYPTO-EMACrossStrategy-000-1d371059-11ef-49fd-9f20-487f66a680af,28-12-2018 00:00:00,3923.92,Strategy Signal,,,EMA_Cross,EMA_Cross,31-12-2018 00:00:00,3742.7,Strategy Signal,-188.88,False,
UID001,BTCUSD,CRYPTO,SELL,1.0,1.0,1.0,BTCUSD.CRYPTO-EMACrossStrategy-000-729d9c27-c1d0-4bb2-80a1-5640bbae2c24,29-08-2024 00:00:00,59388.18,Strategy Signal,,,EMA_Cross,EMA_Cross,17-09-2024 00:00:00,60308.54,Strategy Signal,-1040.06,False,
UID001,BTCUSD,CRYPTO,BUY,1.0,1.0,1.0,BTCUSD.CRYPTO-EMACrossStrategy-000-18f1c58c-5276-4a43-8b2d-6b2f0bcae59b,29-09-2017 00:00:00,4163.07,Strategy Signal,,,EMA_Cross,EMA_Cross,30-12-2017 00:00:00,12952.2,Strategy Signal,8772.02,False,
UID001,BTCUSD,CRYPTO,SELL,1.0,1.0,1.0,BTCUSD.CRYPTO-EMACrossStrategy-000-ef1dcc01-7b60-4365-8223-bcbc0ddc46e8,30-05-2015 00:00:00,233.35,Strategy Signal,,,EMA_Cross,EMA_Cross,15-06-2015 00:00:00,236.82,Strategy Signal,-3.94,False,
UID001,BTCUSD,CRYPTO,BUY,1.0,1.0,1.0,BTCUSD.CRYPTO-EMACrossStrategy-000-05b562f7-a27d-437d-a364-d0801f8e3531,30-06-2014 00:00:00,639.8,Strategy Signal,,,EMA_Cross,EMA_Cross,24-07-2014 00:00:00,601.73,Strategy Signal,-39.31,False,
UID001,BTCUSD,CRYPTO,SELL,1.0,1.0,1.0,BTCUSD.CRYPTO-EMACrossStrategy-000-cccfe7ed-b515-49f6-a630-74251da088e2,30-06-2017 00:00:00,2480.84,Strategy Signal,,,EMA_Cross,EMA_Cross,06-07-2017 00:00:00,2608.56,Strategy Signal,-132.81,False,
UID001,BTCUSD,CRYPTO,SELL,1.0,1.0,1.0,BTCUSD.CRYPTO-EMACrossStrategy-000-93a72760-7ed9-4da4-be2d-9d3f7ca79fa8,30-12-2017 00:00:00,12952.2,Strategy Signal,,,EMA_Cross,EMA_Cross,05-01-2018 00:00:00,17429.5,Strategy Signal,-4507.68,False,
UID001,BTCUSD,CRYPTO,SELL,1.0,1.0,1.0,BTCUSD.CRYPTO-EMACrossStrategy-000-daaed3c7-2dff-4833-9537-144b06630366,31-12-2018 00:00:00,3742.7,Strategy Signal,,,EMA_Cross,EMA_Cross,02-01-2019 00:00:00,3943.41,Strategy Signal,-208.39,False,
